id,text,true_label,pred_label,p_positive,error_type
ARAL_6540,"The Kuwait Fund for Arab Economic Development (KFAED) and Tajikistan's Ministry of Finance have signed a loan agreement worth $16.7 million to support the construction of the Rogun Hydroelectric Power Plant (HPP), Trend reports.
The agreement was signed by Tajikistan's finance minister, Faiziddin Kahhorzoda, and KFAED Director General Waleed Albahar.
The total funding provided by the Kuwait Fund for the Rogun project amounts to $100 million, which will be disbursed in six phases, with each installment allocated through separate agreements.
The Rogun HPP, located on the Vakhsh River, is a 3,600 MW hydroelectric facility currently under construction. The project will consist of six units, each with a capacity of 600 MW. Two units are already operational, with a third expected to come online by 2025. Upon completion, the plant is projected to generate over 17 billion kWh annually, significantly boosting Tajikistan's energy capacity.

Load-Date: January 16, 2025",Y,N,0.47999117,false_negative
ALSK_21586,"Asian carps have arrived in the Great Lakes but so far haven't established reproducing populations.
Government and agencies in Canada and the United States have put priority on preventing them from doing so.
Lauren Tonelli, Asian carp project manager at the Invasive Species Centre, based in Sault Ste. Marie, said four species of carp concern local and international researchers: bighead, silver, grass, and black.
""All four of these species are native to China and southern Russia, but were brought to North America for use in aquaculture,"" Tonelli told Sault This Week.
Marc Gaden, communications director at the Great Lakes Fishery Commission, a binational research and control agency, explained how the carp went from their use in aquaculture to North American waterways.
""Back in the 70s, it was actually kind of de rigueur to find natural, environmentally friendly ways to control things like algae and reeds and stuff like that, so these fish were raised in fish hatcheries down in the deep southern United States to keep their aquaculture tanks clean,"" Gaden said, comparing the practice to that of fish hobbyists tossing a sucker into a fish tank to help keep it clean.
He pointed out the fish would often end up sold in Asian food markets.
""Well, where do you place a fish farm,"" Gaden continued. ""You place it next to a river, because you need lots of water.""
When the rivers then overflow, as often happens, the fish farms become inundated with water and the carp are allowed to escape into the public waterways, he said.
The carp thrived in the Mississippi River system and kept moving northward, as a result of these escapes.
Gaden added, grass carp are often kept in ponds, in subdivisions or golf courses for example, to keep them free of unwanted vegetation, but only in sterile form. Researchers believe that many of the livecaught grass carp are escapees or releases of these fish.
Despite some captures of live carp, both Tonelli and Gaden emphasize that so far, none of the four carp species have become established in the Great Lakes.
""Only three bighead carp were found, all in western Lake Erie, between 2000 and 2003, and are believed to have been intentionally released,"" said Tonelli.
""Of the grass carp specimens, there have been approximately 23 single captures since 2012 in the waters or tributaries of Lake Huron, Lake Ontario, and Lake Erie.""
Tonelli pointed out ""There is no evidence that there is a breeding population"" of grass carp within the Great Lakes, but added, researchers have recently found evidence of natural reproduction of the species in the Sandusky River.
To keep a close eye on carp populations and potential breeding in Canada, ""Fisheries and Oceans Canada has an extensive monitoring program that searches specifically for Asian carps to ensure that they are aware of any potential individual that may be in Canadian waters,"" Tonelli said Although some might believe a few fish found here and there in bodies of water as big as the Great Lakes shouldn't be of major concern, Gaden, who works from the commission's secretariat in Ann Arbor, Mich., quashes this idea.
""As few as 10 males and 10 females in a river system could be enough to establish a population,"" he said, referencing the findings of a binational carp risk assessment headed by Fisheries and Oceans Canada.
""So in other words, efforts at prevention need to be basically at 100 per cent. You can't just let a few in.""
An established population would have major implications for the local ecosystem, he said.
""Asian carps are voracious consumers and outcompete native fishes for food and habitat resources.
""Silver and bighead carp can eat up to 20 per cent of their body weight in phytoplankton and zooplankton, which make up the basis for the aquatic food web,"" he said.
""Grass carp consume large quantities of aquatic vegetation which can destroy wetlands, increase water murkiness, and reduce spawning and cover habitats for native fishes.
""Black carp could destroy the native mollusk population in the Great lakes and in turn cause a decrease in native species that rely on mollusks as their main food source, such as the lake sturgeon, which is a species at risk.""
In other words, ""They're basically pulling the rug out from the bottom of the foodweb,"" Gaden said.
This puts many native fish species at risk, and in turn will decrease commercial and recreational fishing opportunities, impacting jobs and revenues, as well as impacting avian habitat and populations, such as ducks.
Tonelli said Asian carp is a threat the federal government takes very seriously.
""The Canadian government has spent $17.5 million over the past five years to prevent and detect Asian carps in the Great Lakes.
""In the 2017 federal budget, $43.8 million was given to Fisheries and Oceans Canada to combat aquatic invasive species, a portion of which will be for Asian carp response and control,"" said Tonelli.
Efforts are being made in the U.S. to prevent the carp from making their way from the Mississippi River into the Great Lakes as well.
Gaden explained, much of the reason the carp could make it from the southern U.S. into the Great Lakes in the first place was the destruction of a natural barrier at the Chicago River in the late 19th century, so the United States Army Corps of Engineers is looking into ways to close off that pathway again.
However, the cost for that will run in the billions of dollars, said Gaden, so the funding for that project has not been committed.
Despite the challenges, both Tonelli and Gaden are happy with the level of co-operation between all the organizations involved in Asian carp control and are optimistic for the future.
""With the recommitment of the federal government to fund aquatic invasive species, we expect that there will be continued prevention, response, and control of Asian carps in the Great Lakes,"" said Tonelli.
""We hope Canada, the provinces, and our U.S. partners will continue to work together to help protect the Great Lakes from all aquatic invasive species.""

Graphic

 
John Flesher, Associated Press Photo; In this file photo, Asian carp, jolted by an electric current from a research boat, jump from the Illinois River near Havana, Ill. The U.S. Army Corps of Engineers released a draft report earlier this year outlining US $275 million in new defences to prevent the fish from reaching the Great Lakes. Among proposals are underwater noise and powerful water jets.; 

Load-Date: November 30, 2017",Y,N,0.21883628,false_negative
,"The U.S. Department of the Interior's U.S. Fish & Wildlife Service issued the following news release:
The U.S. Fish and Wildlife Service recently awarded $1,000,000 to the Wisconsin Department of Natural Resources to support the acquisition of 468 acres of coastal wetlands adjacent to Lake Michigan in Door County, Wisconsin. The federal funds are provided through the 2010 National Coastal Wetlands Conservation Grant Program, and will supplement $ 1,001,300 in non-federal contributions from the State's Knowles- Nelson Stewardship Program and project partners including The Nature Conservancy and Door County Land Trust.
""This area provides important habitat for coastal fish and wildlife, including two Federally-listed species,"" said Tom Melius, Midwest Regional Director of the U.S. Fish and Wildlife Service. ""These grants allow us to work with our partners to conserve coastal wetlands in the Great Lakes region, and the fish and wildlife that inhabit this treasured part of our country.""
The federal funding is part of more than $19.2 million to support 25 conservation projects benefiting fish and wildlife on more than 6,100 acres of coastal habitat in 11 states through 2010. The federal grants will be matched by nearly $26 million in partner contributions from state and local governments, private landowners and conservation groups.
The National Coastal Wetlands Conservation Grant Program is administered by the U.S. Fish and Wildlife Service and funded under provisions of the 1990 Coastal Wetlands Planning, Protection and Restoration Act. Funding is provided by Sport Fish Restoration Act revenue - money generated from an excise tax on fishing equipment and motorboat and small engine fuels.
Including the 2010 grants, the Service has awarded nearly $240 million to coastal states and territories since the program began in 1992. When the 2010 projects are complete, over 260,000 acres of habitat will have been protected, restored or enhanced.
A complete list of projects funded by the 2010 grant program can be found online at: http://www.fws.gov/coastal/CoastalGrants/index.html.
Copyright Targeted News Services
TNS MD66-MD66 100107-2558453 61MariaDonald

Load-Date: January 7, 2010",Y,N,0.099820666,false_negative
,"The European Union has launched an investigation into a prized Spanish wetland that has turned bone dry through mismanagement of water resources and is now on fire underground, white smoke now rising from areas where fish once swam.
The EU wants the Spanish government to explain how it plans to save Las Tablas de Daimiel National Park in the central Castilla-La Mancha region, European Commission spokeswoman Barbara Helfferich told The Associated Press on Thursday.
The park, one of Spain's few wetlands, is classified as a UNESCO biosphere site and an EU-protected area because of its birdlife.
But it has been drying up for decades, largely because of wells dug by farmers on the edges of the park to tap an aquifer that feeds the wetland's lagoons. Many of the wells are illegal. Environmentalists call this case a particularly glaring example of how a natural resource can be abused.
In August, intense summer heat and parched soil caused the peat just under the surface of the soil to spontaneously ignite. Now, several areas of the park are on fire underground and white smoke seeps out of deep cracks in the parched soil.
""We have seen a situation where there is continuous degradation of territory,"" Helfferich said from Brussels.
The EU told the Spanish government about its investigation last week and Spain has 10 weeks to explain how it plans to respond to the crisis, Helfferich said.
""Underground fires at the moment cannot be extinguished,"" she said, adding that the 27-nation bloc has asked Spain how it plans to deal with it.
In a worst-case scenario, the EU could punish Spain with a hefty fine if it deems that the government's management of the wetlands was insufficient.
Josep Puxeau, the Environment Ministry's top official on water issues, said the government has an emergency plan to pump in torrents of water from a river to put out the fires and restore the acquifer.
It will also continue with a policy of buying up land and farms outside the park to halt water being drawn from wells, he told reporters.
The park lies 90 miles (150 kilometers) south of Madrid. Not all of it is wetland. The area capable of holding water covers about 4,500 acres (1,800 hectares) but less than 1 percent of that actually has water.
Park ranger Jesus Garcia Consuegra, who grew up in the area, remembers lusher times. He would go fishing there as a boy, venturing out at night in a rowboat equipped with a lantern to draw fish to the surface.
""It was so clear you could see to the bottom. You could see the fish there. You could watch them and it was simply marvelous,"" he said in a documentary on the park's Web site.
Jose Manuel Hernandez, spokesman for the environmental group Ecologists in Action, placed the blame for the wetland's demise squarely on excessive use of underground water tables for irrigation. He said climate change has nothing to do with the problem because La Mancha is dry anyway and rain levels have not dropped that much.
Rather, the culprit is a government policy over the past 20 years that allowed farmers to shift from non-irrigated crops like olive groves and wheat to thirsty ones like grapes and melons, he told the AP.
The Guadiana River, for instance, which once flowed through La Mancha, has essentially vanished for this reason and peat fires like the ones in Las Tablas de Daimiel have been common in that riverbed for years.
""The Guadiana has been burning for 20 years,"" Hernandez said. ""People are just waking up now because the fires have cropped up in a national park.""
He called the idea of bringing in huge amounts of water to put out the fires and restore the acquifer a pointless stopgap measure: the land is so dry and the water table now so low that water brought in from outside will simply get sucked up by the soil and not reach the acquifer.
It is artificial to try to save a wetland this way, and better to manage the existing water more efficiently by cutting down on use of wells, Hernandez said.
""What we need to do is recover the dynamics of the ecosystem.""

Load-Date: October 23, 2009",Y,N,0.38306418,false_negative
ALSK_42388,"Speech to text transcript:1
parts Commission this building is an example of cooperation between two nations, it definitely takes back to the early 1900s and how the US and Canada were able to come up with a way of sharing the water in order to create hydro-electric facilities on both sides of the border, so there were power plants built on both sides but the plants work in conjunction with each other so this comedian facility actually ran cables underneath the bridge to the power plant on the us side and helped provide to steal his cast iron, but is also a lot of grass all the railings in here grass there's copper everywhere just soooo much of the north-east stand United States and on Terrio came to rely on the power generated by the falls it supplied heavy industry in Buffalo and American Niagara but it was a thirsty business damage fallen again There is a treaty between kind of us they agree that we're going to do is the birch night rivers water in, tunnels and pipes for hydroelectric develop its not what it's like to go to work because I can look at him that tourism so shrink Maghull which is all about reshape it to give the is having the same amount of why it's true the falls You see today are not quite the one's father help and held and if you don't believe Daniel is the man responsible for reporting how much water goes over the falls every hour Richard no here hydro-electric operating supervisor at on Terrio power generation determine that once the sun goes down. 
He was okay to reduce the for slow for tourism during that period. We provide a minimum of 28 32 cubic metres per second over the falls and that ensures that we preserve the natural beauty of nega halls for tours. And so, at the international neck control works we can coordinate, ensure that the Crestline of black holes is even and enjoyed for all the visitors to come to this area that night one, It's not as noticeable. That's when we can die for the Nagra river to the Hydro electric generating stage since and reduce the possible by half the manipulation of the Fall's doesn't sit well with everybody, including the born and bred mare of us Nagra Robert Cristiano, I know that there are times in the year when the waters lower. It's hard to explain to my granddaughter, Yeah, somebody with dials sort of figure out when the water goes when the water doesn't go as a positive coming and saying, is this nature is just a flowing over You know the purest in me is disappointed but it's inevitable. It's a complex and sophisticated business written into Treaty but helped along by warm personal relationships. It is a wider metaphor for how the border operates here listening to on the border with me to Martial on the BBC world service were in Niagara falls to communities, separated by a sophisticated and highly functional border one between the US and Canada. The movie Niagara and dozens of films and TV shows featuring the falls in the 19 fifties and sixties fix them as American she saying of love justice she live more lot like a Laura live flaunting her charms anointed by Hollywood it obscured the fact of a Canadian anger at all. People haven't been there probably still think of it as American today but it isn't not really my dear daddy, You know, back in the 50s. They had over 100000 people 70 plus years later their less than half, and were at about 100000 so they need some bad this is and years ago, what do they do what did you write during the industrial revolution. They opened up an awful lot of clients in a lot of them were damping directly into the river. They were a victim of their success of the industry. At one time. That was one of the nation's future the booming heavy industry of the 20th century took from the falls and enrich the new York side, but now they are gone. Today it's a rust belt. They still have the falls. But that's another story may arrested and no in the 40s and 50s and 60s now reforms in York. It was an engine of manufacturing and that much attention was placed into the tourist industry. Our friends to the North were developing in entertainment in traction in tourism industry to ask in here and the side it was Sir just stumbling along that your people are coming here anyway, so what's the difference that recognising there was more to it than just there. So what happened to turn Niagara on Tauriel from an obscure town of 20019 61 to a bustling, one

Load-Date: October 11, 2022",Y,N,1.9525884e-05,false_negative
RHON_1532,"Bangladesh, April 24 -- The sight of dead fish, other aquatic creatures and even ducks floating in their hundreds on wetland water in Sunamajanj is simply foreboding. Early media reports linking the mass death with ammonia produced from rotten paddy in the submerged area have already been dismissed, terming it misleading. This can happen in a small water body unconnected to any other water channel. But when flash floods have inundated large areas of Sunamganj, such a possibility is ruled out. This area experienced similar natural calamities before but on no occasion did fish, frogs, leeches and ducks embrace deaths, let alone on an epidemic scale.
A report carried in a contemporary has hinted at a possible link between the deaths of aquatic life forms in the water bodies there and the release of uranium in the river system across the border. Earlier the Ranikor River in the West Khasi Hills experienced a similar mass extermination of fish when its water marked a change in colour. The tribal people there suspect that the open-pit mining for uranium in their area was responsible for this. Hundreds of pits abandoned after drilling and extraction of uranium are suspected to be the source of contamination of the upstream Ranikor River. Flash floods may have carried the contaminated water into the water bodies on the Bangladesh side.
A radioactive element, uranium powers nuclear reactor and atomic bombs. Extreme caution is required for handling this heavy metal but in the case of mining in the Indian part of Khasi region, no such caution seems to have been taken after the drilling. The Khasi people have protested the indifference to safe mining practices there and demanded closure of the hundreds of pits left open.
Now the cause of the death of fish in Ranikor River across the border and in the water bodies in Sunamganj is unlikely to be different. Had the fish in the water bodies of Bangladesh died before the Ranikor incident, it would be possible to conclude that there was no link between the two incidents. Since the Sunamganj disaster follows the Ranikor contamination and its consequences, there is little doubt about any connection between them.
There is no harm in looking for as precious an element as uranium which is used in nuclear reactor for production of power. But its unsafe use can prove disastrous. The Chernobyl nuclear plant accident and the Fukushima plant disaster have shown the world how apocalyptic the destructive power can be. Any naivety on the part of the mining company in the rugged Khasi pocket may have consequences of unimaginable proportion both for the inhabitants there and people living in the lower riparian Bangladesh region.
A probe by an international expert team is warranted in this case. Release of as powerful and dangerous a material as uranium into the river and water system will have long-term adverse impact not only on aquatic lives but also on human health and their livelihoods for generations.
If it is proved that uranium is not the killer agent, the focus should be on to finding out the real cause of death of fish, insects and birds in the haor water. Different government agencies either in India or Bangladesh have failed to respond promptly to collect the contaminated water for carrying out test in order to determine the agent responsible for the disaster. It is a grave matter and it should be treated with equal importance.
Published by HT Digital Content Services with permission from The Financial Express. For any query with respect to this article or any other content requirement, please contact Editor at htsyndication@hindustantimes.com

Load-Date: April 24, 2017",Y,N,0.21733752,false_negative
LKCH_44770,"The African Development Bank Group and the Lake Chad Basin Commission have signed a Memorandum of Understanding to rehabilitate and restore the Lake Chad Basin.
The agreement, signed on the sidelines of the 37th African Union Summit held in Ethiopia, will mobilise financial and technical resources to improve the development and management of water resources, support livelihoods and restore peace in the region.
Lake Chad, once considered the sixth-largest inland water body on earth for livelihood, has shrunk in area by some 92% in recent decades. The larger Chad Basin contributes to food security for about 50 million people.
""The population living in this ecosystem are facing major socio-economic challenges - add to that the insecurity situation due to terrorist groups which brings loss of livelihood, destruction of households, forced internal displacements and beyond our national frontiers,"" said Republic of Chad Minister of Water, Passalet Kanade Marssela.
African Development Bank Vice President for Regional Development, Integration and Business Delivery, Marie-Laure Akin-Olugbade, told dignitaries and sector leaders in water and agriculture at the signing ceremony that the agreement provides a framework for projects and programs to improve the quality of life for millions of Africans.
""This Memorandum of Understanding involves transforming living conditions in the hydrographic basin of the six member countries of the Lake Chad Basin Commission, namely Chad, Nigeria, Cameroon, Niger, the Central African Republic and Libya. As the main financial partner of the Commission for several years, we will consolidate the gains made, through a new integrated regional programme that accelerates sustainable solutions to the challenges of Lake Chad and further improves the living conditions of the basin's population,"" she said.
The Lake Chad Basin Commission named the African Development Bank the ""Champion Lead Partner for resource mobilization for the revival of the Lake Chad.""
Ambassador Mamman Nuhu, Executive Secretary of the Lake Chad Basin Commission said:
""Our shared goal is to ensure the sustainability of the Lake Chad Basin, especially the Lake, which has dramatically shrunk due to climate change and increased human demands. This...is a manifestation of our commitment to ensuring water security, economic prosperity, and stability in the region. It is an integral part of our shared goal to build climate resilience and sustainable growth.""
The African Development Bank has a track record of impactful support for the Lake Chad Basin Commission and its goals. Since 2005, the Bank has financed $241.3 million for several multinational projects in the water, transport, environment, and social sectors.
Recently, the Bank approved $17.8 million for a United Nations Development Progamme initiative, ""Rompre le cycle de fragilité à travers la stabilization au lac Tchad"" (""Breaking the cycle of fragility through stabilization in Lake Chad""). This initiative is expected to raise up to $21.5 million in additional financing from partner organizations.
The Bank is also developing a multi-year institutional capacity building program to strengthen the Lake Chad Basin Commission to carry out in-depth environmental, technical and economic studies that will inform solutions, decision-making, and financing requirements for Basin restoration. In addition, the Bank's African Water Facility is financing the development of the second, five-year investment plan to build a pipeline of projects for the sustainable and beneficial use of water resources in the basin, as well as prepare the groundwork for further investments.

Load-Date: February 20, 2024",Y,N,0.23231015,false_negative
ARAL_14196,"Within the framework of the project of the Regional environmental center of Central Asia (CAREC) “Water, education and cooperation” (Smart Waters), funded by the US Agency for international development (USAID), a demonstration day of the projects participating in the start-up acceleration program Water Solutions Innovation Lab was held. Ten projects were presented within the demo-day and two top were selected. The main prize for them will be a trip in November 2019 to Amsterdam for the final of the international competition of ""green"" business ideas ClimateLaunchpad-2019. – Smart Waters project is implemented in Uzbekistan in cooperation with the Ministry of water management of Uzbekistan and Tashkent Institute of irrigation and agricultural mechanization engineers. The project has been implemented since 2015 in six countries of Central Asia and Afghanistan, but such an innovative laboratory Water Solutions Innovation Lab or, as we call it, ID-Lab, has been created only in Uzbekistan. 
It was our trial run. We wanted to see how it would work, how actively young people would be involved. What we see today is the result of six months of work. Guys all this time, conducted research, honed your ideas, implement them in life, – says the project Manager of the Smart Waters (CAREC) Yekaterina Strikeleva (Almaty). This start-up program is conducted on the basis of the Innovation and research cluster of CAREC by experts of the consulting company Green Business Innovation in cooperation with the international program Climate Launchpad. Startup accelerator Water Solutions Innovation Lab is created to support and develop business ideas and projects of students, young scientists, entrepreneurs in the field of water conservation, renewable energy, water supply in agriculture, energy efficiency and other ways to solve climate change problems. At the Demo Day, the teams-participants of the startup acceleration program Water Solutions Innovation Lab made presentations of the results of their projects achieved through training and mentoring support since March 2019 within the acceleration program. – This is the first initiative in Central Asia. Together with CAREC we have developed the concept of accelerator implementation. We managed to combine our experience with the international one, to combine the programs of Smart Water Solutions Innovation Lab (CAREC) and Clamed watch, which is considered the largest technological international accelerator, — says Saida Yusupova, Director of Water Solutions Innovation Lab. As it was noted at the event, participation in the accelerator is not an opportunity to enlist financial support, but an opportunity to get interaction, to see and understand how others work. If we talk about innovations, it is necessary that Uzbek projects, startups leave, see the expertise, including international. All participants passed two stages of acceleration. The main goal of the project is to attract the attention of young scientists and businessmen to the project, to teach them to implement business innovations, as well as to help them acquire skills that will allow them to implement developments in the future. Many participants, coming out of the laboratory ""on the field"", made significant changes in their development to their product was sold. If this product does not solve any problem of the buyer, it will not be in demand in the market. This is the mechanism of working with the product on the market. According to the results of presentations at Demo Day, the expert commission chose 2 best start-ups – VIOM (1st place) and Proteus (2nd place), which received prize certificates for a trip to Amsterdam in November 2019 for the final of the international competition of ""green"" business ideas ClimateLaunchpad-2019. All other teams-participants of the startup acceleration program Water Solutions Innovation Lab were awarded with commemorative certificates and statuettes.

Load-Date: September 9, 2019",Y,N,0.37857398,false_negative
ALSK_40384,"The Union of British Columbia Indian Chiefs issued the following news release on Sept. 8, 2021:
Yesterday at noon, two Indigenous women began a 4-day traditional ceremonial fast on the banks of the Fraser River. Kukpi7 Judy Wilson, Chief of Neskonlith and Secretary-Treasurer of the Union of BC Indian Chiefs, and Sara Cadeau, Anishinaabe Kwe, Community Organizer and Traditional Wellness Practitioner, are sitting at the site where Trans Mountain proposes to drill under the Fraser River, along with a sacred fire and a community of supporters.
After a summer of deadly heat waves and smoke-filled skies, the Indigenous fasters are calling for cancellation of the Trans Mountain expansion (TMX) pipeline. The project has become a hot button issue during the federal election, as a symbol of the contradiction between heavily biased government/oil industry pro-pipeline rhetoric and grassroots-led defensive climate crisis actions on the ground. The fasters have requested river-side meetings with local election candidates from all parties.
Fasters are bringing prayers and taking action now because Trans Mountain has received a permit to divert 26 million litres of Fraser river water. This is addition to drilling a 1.5-kilometre tunnel underneath the river to build the tar sands pipeline.
""Trans Mountain's plan to drill beneath the Fraser River represents a violent assault upon a sacred waterway that is the heart of our culture heritage- the largest salmon bearing river in the country that sustains life and strengthens our vital connections to the water, lands, and ecosystems that we have stewarded over since time immemorial,"" stated Kukpi7 Judy Wilson. ""There are already approximately 84,000 kms of oil and gas pipelines in Canada, and the TMX pipelines are being placed along the Fraser River and other key waterways. Time and time again, Canada and Trans Mountain have infringed upon and disregarded the Title, Rights, and Free, Prior and Informed Consent of First Nations, choosing to instead prioritize an unwanted, environmentally destructive pipeline that will only push us closer to the brink of our dire global climate crisis. Without our rivers, life will not exist. Oil extraction has a considerable impact upon all people, and spills of diluted bitumen pose particular challenges when they reach our rivers and water bodies. In addition, man camps on these sites pose a serious and real threat to our women, our children, and our lands. Our four-day ceremonial fast allows us to fulfill our critical, sacred responsibility to ourselves, our ancestors, and our descendants to honour and protect our lands and waters. We offer our prayers for healing, for change, and for governments and industries to realize that they also share an inherent responsibility to protect our salmons, whales, ecosystems, and ways of life. Water is like our grandmother, and she sustains all life. Trans Mountain, if allowed to continue, will have devastating and irreversible impacts on water, salmon, Indigenous culture, and the future of all life on earth. We are asking Canada to cancel TMX now, while it is less than one third complete, and before it is too late.""
The Spirit Fast site is adjacent to Colony Farms Regional Park, where 11 acres of wildlife habitat were recently destroyed in order to lay out the pipe horizontally before the drilling. In spite of the large-scale public and municipal opposition, Trans Mountain was granted permission under ""Federal Paramountcy.""
""Call it Federal Paramountcy, call it what you want, it is the continued destruction of our only home for the profit of a few and with danger to all. Putting this pipeline through parks, communities, and Indigenous territories where it is unwanted is a precise example of ongoing colonial State Violence against the land and its people,"" states Sara Cadeau. ""We have lost our way, and this is so evident in our relationship with water. Water is not a resource. It is THE SOURCE of all life and is by far our most valuable collective, and finite, treasure. The Fraser River didn't give consent for this pipeline, nor did the hereditary and traditional governance systems of all the lands this river moves through. Neither did the ocean this river flows into, nor the whales or the salmon who depend on this river's good life cycles to survive. It is our job as two-leggeds -- as people who live by this river -- to ensure her continued safety and protection. I will be following Anishinaabe teachings on the importance of water and the importance of prayer. We are fasting to bring your attention to sacred water, and to bring our love and prayers, and to work together to protect her. Our request? Colonial Canada: cancel TMX.""
Further to concerns over the permit to divert millions of litres of water, land protectors are outraged that horizontal drilling under one of the greatest salmon rivers in the world is permitted during the autumn migration. The Fraser River is known as one the greatest salmon rivers in the world, and the Trans Mountain project poses a profound threat to the health of the river and the ecosystems, culture and economies that rely upon it.
The Spirit Fast began at noon on Tuesday, September 7 with a traditional Indigenous Ceremony at Maquabeak Park. The fasters will be in silence after noon on Tuesday until noon on Friday.
The Spirit Fast is supported by a traditional Sacred Fire, as well as a large network of supporters, including Dogwood, BROKE, Protect the Planet STOP TMX, and others. Hearts and minds will be united in prayers for the waters, and for all of life. The event follows on from the Save the Fraser Water Ceremony led by Elder Minnie Kenoras in May of this year at the same location, in partnership with Dogwood.
[Category: International]
Copyright Targeted News Services
MSTRUCK-7595565 MSTRUCK

Load-Date: September 9, 2021",Y,N,0.37937838,false_negative
LKCH_11704,"The Lake Chad Basin Commission has made an appeal for over 8 billion Cefas (approx. 2 billion naira) to fund the activities of the Multinational Joint Security Forces formed to fight insurgency in the region.
Speaking to Chiefs of Defence staff from member states in Abuja, the Executive Secretary of the Commission, Mister Sanusi Imran Abdullahi  said the money will be used to meet urgent needs of small equipment, and troop welfare in the ongoing fight against terrorism.
Nigeria's Chief of Defence Staff, Air Marshal Alex Badeh says  such cooperation with member states is key to stopping terrorism.

Load-Date: November 25, 2014",Y,N,0.0930168,false_negative
ALSK_52244,"The office of Sen. Robert Casey Jr., D-Pa., issued the following news release:
Today, U.S. Senator Bob Casey (D-PA) urged the U.S. Customs and Border Protection agency to crack down on the smuggling of Asian carp into Canada from the United States, a practice that could put the ecosystem of Lake Erie and the jobs and economic activity that depend on a healthy lake at risk. In a letter to the agency, Senator Casey cited the negative impact that Asian Carp smuggling could have on Pennsylvania's fishing, boating and tourism industries in calling for more action.
""Asian carp pose a direct threat to Erie's economy and the health of the lake,"" Senator Casey said. ""For years, Lake Erie has been a tourist destination and a critical part of the region's fishing and boating industry. Those job-creating industries could be at serious risk unless vigorous efforts to stop Asian carp smuggling are put in place.""
Asian carp is an invasive species that has the potential to seriously disrupt the ecosystem of Lake Erie. Researchers have found that in many sections of the Mississippi and Illinois rivers, Asian Carp are the only species present. More than 185 species of fish, mussels, and plants from Asia and Eastern Europe are already in the Great Lakes system, choking out native species.
Senator Casey has been a leader in the effort to prevent Asian carp from reaching Lake Erie, recently pushing for a law to require the speedy creation of an action plan to block Asian carp from entering the Great Lakes through a number of rivers and tributaries.
Senator Casey's letter to the U.S. Customs and Border Protection agency is below:
Mr. David V. Aguilar
Acting Commissioner
U.S. Customs and Border Protection
Dear Commissioner Aguilar:
I am writing to express my strong concern regarding recent reports of the smuggling of live Asian carp into Canada from the United States. I realize your agency has a very difficult job in handling the volume and variety of products and passengers that pass through our borders every day. However, it is evident that the agencies best able to stop the flow of smuggled goods need to better communicate risks among appropriate inspectors in order to evaluate potentially harmful cargo like live Asian Carp.
Transport of certain live Asian Carp across state lines is illegal because they are listed as injurious species under the Lacey Act. I urge you to immediately review the agency's policies regarding notification of the U.S. Fish and Wildlife Service so that appropriate actions can be taken against anyone who attempts to transport live Asian Carp across the border. I also urge you to continue diligence over inspection of food, agricultural products, plants and wildlife and ensure that specially-trained personnel are involved in examining these products.
If Asian carp enter Lake Erie, Pennsylvania will face significant problems. Asian carp could decimate the fishing industry, impacting not only the people who catch fish, but also those who serve fish in their restaurants or sell fish directly to consumers. In Erie County, for example, activities like walleye sport-fishing generate big dollars and perch is a mainstay on local menus. Commercial landings from Lake Erie for yellow perch and smelt are 84% and 94% respectively of total Great Lakes catch. Economic impacts of fishing activity for Pennsylvania alone totaled $726 million in 2006. Total U.S. economic activity attributed to Great Lakes fishing is over $7 billion.
Asian carp could also seriously hamper boat recreation. The Lake Erie coastal region supports 1.2 million Pennsylvanian jobs. As a vacation destination, Presque Isle State Park hosts four million people each year, with visitors contributing over $67 million into the economy. While we cannot know exactly how significant an impact Asian carp in Lake Erie would have on local communities, we must work as hard as possible to prevent these avoidable negative consequences. This is the time to increase vigilance and stop trafficking of the invasive Asian carp species.
While the government has taken many actions to address the Asian carp threat, more must be done to stop the movement of Asian Carp. Lake Erie is an invaluable natural resource for Pennsylvania, supporting both the economy and culture of Northwestern Pennsylvania. Ensuring Lake Erie remains such a resource for generations to come is important, and for this reason I will continue to work on efforts to address the Asian carp threat.
Thank you for your work on this important issue. I look forward to working with you on this issue and keeping Pennsylvanian communities and industries safe from the injurious Asian carp and other invasive and injurious species.
Sincerely,
Robert P. Casey Jr.
United States Senator
Copyright Targeted News Services
TNS MT93 120516-3876397 61MarlizTagarum

Load-Date: May 16, 2012",Y,N,0.25701842,false_negative
,"China's environment ministry said Thursday that it has ordered an ecological assessment for a proposed Yangtze River dam that conservationists fear could threaten hundreds of fish species and drive the giant Chinese sturgeon into extinction.
Chinese environmentalists and scientists are trying to halt the Xiaonanhai dam, upstream from Chongqing city in mountainous western China, saying that it and two other dams would flood most of the last remaining fish reserve on the Yangtze, preventing the migration of rare fish.
They argue that could lead to the extinction of species such as the Chinese sturgeon, one of the world's longest freshwater fish.
The Ministry of Environmental Protection's chief engineer, Wan Bentai, announced the environmental assessment order at a news conference, saying the ministry has the power to reject the project if it is shown to be harmful to the environment.
""The Chinese government is fond of developing hydropower, but we must take into account the environmental effects of those projects,"" Wan said.
He said the assessment will be commissioned by the Chongqing government, but it was unclear when it would be finished.
China has pumped money into hydropower as part of plans to wean its economy off its dependency on coal. There are more than 25,800 large dams in China more than any other country, according to International Rivers, a nonprofit group based in California.
But critics say the dams will obstruct the free flow of the river and threaten aquatic life.
In particular, the Xiaonanhai dam along with two other dams planned for the stretch of river upstream of the Three Gorges Dam would flood areas of the rare fish reserve, leaving less than 10 percent of its original size, a group of eight scientists and environmentalists wrote last month in the China Economic Times.
Some 338 species of fish live in the Yangtze River basin, 162 of them unique to the river, the article said.
The sturgeon, which can reach up to 16 feet (five meters) and weigh up to 1,100 pounds (500 kilograms), is an endangered species and classified as a protected animal in China.
""The Chinese sturgeon is a fish that has to have a sufficient length of flowing water, and putting this dam right in the middle of the reach where the sturgeon are spawning will really doom the sturgeon to extinction as a result,"" Brian Richter, director of global freshwater programs at The Nature Conservancy, a U.S.-based conservation group, told The Associated Press.
The Xiaonanhai dam is being built by the Yangtze River Three Gorges Project Development Corp., but there have been no details released on its size, funding or when construction would start. It was not possible to contact the corporation for comment Thursday.

Load-Date: June 26, 2009",N,Y,0.891811,false_positive
SALW_2291,"EGAT eyeing mega-projects that may destroy river?s ecosystem; water-diversion project will also harm Mekong, pristine forest THE LIVES of people living along the Salween River still face the risk of being adversely impacted by developments in the river basin, environment campaigners said on the International Day of Action for Rivers yesterday. Local communities along the Salween River in both Thailand and Myanmar marked the 22nd International Day of Action for Rivers, as a symbol of their efforts to protect their traditional way of life, rich natural resources and the rivers healthy ecosystem from hydropower dam development and other harmful projects. Ban Sobmoei in Mae Hong Sons Sop Moei district is one of the many Salween riverside communities that also marks World Anti-Dam Day on March 14 every year. 
This year the villagers invited the international environmental group, International Rivers, to participate in a religious rite to pray for a bountiful river and the ability to fight against efforts by investors and the authorities to develop mega-projects in the Salween River Basin. Salween is one of the only rivers in the world that still runs free from its source in the Tibetan Plateau down to the Andaman Sea. Pongpipat Meebenjamas, a Ban Sobmoei community leader, said Salween River is one of the last remaining rivers that is free dams and harmful development, which is why its ecosystem remains healthy and fertile, providing food and life security to people living along the river. People here still lead peaceful lives, as the Salween provides us with everything from fresh fish and clean water to natural fertiliser from the fertile river sediment, Pongpipat said. However, he said, locals were concerned about their future as the authorities are eyeing many hydropower dam projects in the mainstream of the river. The project closest to Ban Sobmoei is the Hat Gyi Dam, some 47 kilometres downstream from here in Myanmar. If this dam is constructed, it will cause terrible flooding upstream and severely harm the rivers ecosystem, he said. Our blessings from a healthy and free river will come to an end if the project materialises. This is why we have to fight for our Salween River to run free and preserve its rich resources for future generations, he said. According to the Salween Watch Coalition, Hat Gyi Dam is a joint venture between the Electricity Genera-ting Authority of Thailand (Egat), Chinas Sinohydro and the Inter-national Group of Entrepreneurs from Myanmar. The project is expected to generate 1,360 megawatts of electricity and most of it will be sold to Thailand. The authorities are also planning six more hydropower dam projects in the mainstream of Salween River and Egat is funding two the Dagwin and Wei Gyi dams. Apart from the harmful hydropower dam projects, Pianporn Deetes, International Rivers country director for Thailand and Myanmar, said the Royal Irrigation Departments project of diverting water from Yuam River to Bhumibol Dam will also seriously damage the Salween Rivers ecosystem. Pianporn explained that Yuam River, one of the key tributaries of Moei River, empties into the Salween River at Ban Sopmoei making it part of the Salween River Basin. Hence, taking water from the Yuam River to refill Bhumibol Dam in the Chao Phraya River will not only have an adverse impact on the ecosystem but will also prove to be very expensive. Just basic construction for this inter-basin water-diversion project will cost Bt66 billion, not to mention the funds that will be needed to pump and divert water through a tunnel, she said. She also warned that this project will harm both the rivers ecosystems as well as destroy forestland as the very long water-diversion tunnel will have to go through large areas of the pristine Salween National Park. Meanwhile, Niwat Roikaew, member of local environmental group Rak Chiang Khong, said he fully supported peoples efforts to protect the Salween River Basin. I want to encourage them to keep up the good work, he said. People in the Mekong River Basin have learned an expensive lesson from the serious impacts of hydropower dams and other harmful projects on their river and I hope this tragedy is not repeated here.

Load-Date: March 14, 2019",N,Y,0.92892635,false_positive
ARAL_2699,"A new financial agreement signed on April 19 by the Kyrgyz Minister of Finance Almaz Baketayev and World Bank Regional Director for Central Asia Tatiana Proskuryakova will support the Climate Resilient Water Services Project. The financing for this project is provided on highly concessional terms through the International Development Association. Half of the funding is allocated in the form of a grant, which requires no repayment, while the other half is a credit with a 0.75% administrative fee, the repayments of which are spread out over 38 years, with a six-year grace period, the World Bank said.
The World Bank has a long history of supporting the water sector in the Kyrgyz Republic, including the improvement of rural water supply and quality of irrigation services, along with water resources management and support to water user associations.
'This new project will enhance water service provision across multiple water-using sectors in a sustainable and inclusive way, as well as promote integrated water resources management,' said Tatiana Proskuryakova, World Bank Regional Director for Central Asia. 'The project will also ensure the creation of thousands of jobs and livelihood opportunities in construction and irrigated agriculture during the implementation period and after the project completion.'
The capital investments in the water sector will enhance rural and agricultural economic productivity through increased access to clean drinking water and sanitation in Issyk-Kul and Batken oblasts (regions), as well as rehabilitation and modernization of three irrigation schemes and improved management of water resources in Batken, Jalal-Abad and Osh regions of the country.
The direct beneficiaries of the project are almost 110,000 people in rural and peri-urban communities in the target areas, comprising farmers, low-income households, women, and youth. In addition to fulfilling the human right to water and sanitation, the benefits include livelihood opportunities and jobs, lower morbidity and public health risks from waterborne diseases, enhanced environmental quality and increased resilience to the impacts of climate change.
At the national level, the project will increase institutional capacities for climate-resilient water management. It will support the Government's water supply, sewerage and irrigation sector development strategies, and water sector reforms. The project will also strengthen the Digital Water Information System, the operations of 21 water user associations, as well as river basin and dam management. These expected results will help reduce the risk of water shortages/droughts, improve the quality of water, and enhance overall resilience.
The Climate Resilient Water Services Project will be implemented over a seven-year period through 2028 by the Water Resource Service under the Ministry of Agriculture and the Department of Drinking Water Supply and Wastewater Disposal under the State Agency for Architecture, Construction and Communal Services. The Project will comply with relevant World Bank procedures and standards including procurement and financial management regulations and anti-corruption guidelines.

Load-Date: April 21, 2022",N,Y,0.84286314,false_positive
ARAL_1718,"Stories being covered today by Monitoring from Central Asian broadcast, press and social media sources.
Uzbekistan says 24 Afghans held for illegal border crossing
Uzbekistan's State Security Service (SSS) has said a border island on the Amu Darya River is under the full 
control of its border troops following an incident on 21 August involving Afghan nationals. In a statement via its 
official channel on Telegram messenger, the Uzbek border service said that on 21 August 24 citizens of 
Afghanistan violated the state border and illegally crossed into Surkhandarya Region's Aral Paygambar island - the 
territory of Uzbekistan.
They ""put up resistance"" to an Uzbek border unit that arrived at the site, but were held in an operation ""in order to 
establish their identities and conduct investigative measures"", the statement says. ""It has been established that the 
reason behind the border incident was the illegal extraction of licorice root, which grows in large quantities in the 
border area of Uzbekistan,"" it adds.
Uzbek leader meets US Congress members
President Shavkat Mirziyoyev yesterday received a US delegation including Congressmen Trent Kelly and Darin 
LaHood to discuss further developing strategic partnership relations and expanding multi-faceted cooperation 
between the two countries, the Uzbek leader's press service reported the same day. ""It was noted with satisfaction 
that a high level of bilateral relations had been achieved in recent years. Productive contacts and mutual visits have 
been expanding. The trade between the countries grew by 53% last year and by another 20% since the beginning 
of this year,"" the report said.
President Mirziyoyev highly rated the fruitful operation of the Caucus on Uzbekistan in the US Congress, it said. 
The sides also discussed expanding mutually beneficial cooperation in healthcare, education, agriculture, industry 
and high technology, it added.
Page 2 of 2
BBCM Central Asia Watchlist for 23 August
 
The same day the US congressmen also held separate talks with Uzbekistan's acting Foreign Minister Vladimir 
Norov to discuss developing trade and investment cooperation, as well as the situation in Afghanistan, the Uzbek 
Foreign Ministry reported. The sides paid particular attention to expanding inter-parliamentary contacts, deepening 
dialogue in the political, trade, investment, academic, cultural and humanitarian spheres. They also exchanged 
views on the current situation in Afghanistan and expressed readiness for further cooperation to prevent the difficult 
humanitarian situation that is developing in this country, the report said.
Kazakh leader holds security meeting to discuss arms purchase
President Kasym-Zhomart Tokayev yesterday chaired a meeting of the country's Security Council that discussed 
the production and purchase of weapons, as well as export control in this area, privately-owned news website 
KazTAG reported the same day. Tokayev also heard reports delivered by First Deputy Prime Minister Roman 
Sklyar, Minister of Industry and Infrastructure Development Kairbek Uskenbayev and Defence Minister Ruslan 
Zhaksylykov, the report said without elaborating. ""Following the meeting, the president gave relevant instructions to 
state bodies,"" it concluded.
Kyrgyzstan mourns 14 victims of road accident in Russia
Today is the national day of mourning in Kyrgyzstan for the country's 14 citizens who died in a road accident in 
Russia's Ulyanovsk Region on 21 August. ""The accident ... has shocked each of us. This irreparable loss has left a 
deep pain in the hearts of all of us,"" President Sadyr Japarov said yesterday. ""Dear compatriots, this tragedy is a 
great grief for all our people. In this regard, I declare 23 August the Day of General Mourning in the territory of the 
Kyrgyz Republic.""
According to media reports citing the Russian Interior Ministry, at least 16 people were killed in the accident, of 
whom 14 have been identified as migrant workers from Kyrgyzstan. Another three Kyrgyz nationals are in a serious 
condition in hospital after the accident. President Japarov ordered the government to send a plane to bring home 
the bodies of the victims.
Source: Central Asian media 23 Aug 22
Load-Date: August 23, 2022",N,Y,0.9213576,false_positive
ALSK_22059,"By Isabel Inclán. Correspondent
Ottawa, 5 Dec (Notimex).-people and organizations of human rights in the Mexican State of Puebla began today to denounce in cities of Canada, environmental damage and the violation of human rights caused by the gold and silver exploration project of the Almadén mine in the region's stock.
The Group of settlers will meet in Ottawa, Vancouver and Kamloops officials, legislators, trade unionists and human rights defenders to try to stop the mining operations.
According to the complainants, the Canadian mining company ""lied"" to its investors and Mexican authorities, as they explained to Notimex members of the Association that accompanies them.
The civil organization project on organization, development, education and research (power) reported that the Commission is formed by six people.
These include Ignacia Serrano, Alejandro Marreros, Francisca Zamora and Ignacio Carmona (originarinarios stock), as well as Benjamin Cokelet, director of the civil organization and Eugenia López, Director of strategic link.
The group said that Almaden Minerals has affected the environment and drinking water, since perforated 236 holes further evidence of those authorized by the Mexican laws and drilled the local aquifer, endangering the community access to drinking water and threatening its food security.
Also highlights that the mining company deceived investors because he told them that the place where it is intended to establish the mine is uninhabited when actually there are 20 thousand people.
Moreover, Almaden not reported that it faces ""several legal proceedings underway against the project, including a nullity trial that seeks to cancel the exploration permit in the area owned by the company for having violated the Mexican environmental regulations"".
Rosario Taracena, Member of power, said that the group will hold a press conference in the Federal Parliament in Ottawa, he will meet with the maximum Trade Union Association (Canadian Labour Congress) and the Vice-President of the Committee of human rights in the Chamber of Commons.
Also it plans to carry out a sit-in at the headquarters of the mining company in Vancouver, British Columbia.
""It seeks to put pressure on Canada to make mining companies more responsible in the country operating, because this is not an isolated case, the situation is repeated in other Latin American countries,"" added Taracena.
They denounce that Almadén ""hired Knight Piésold Engineering drafting its environmental impact statement, while it's the same company that Mount Polley worked for Canadian tailings dam"".
They will indicate that that company was ""involved in 2014 environmental disaster in British Columbia,"" when they spilled eight million cubic meters of toxic waste into the Lake Polley, Hazeltine Brook and the Quesnel Lake.
Furthermore, they ensure that Almaden plans to build a dam in waste tailings on land that the indigenous community currently used for agriculture.
They will demand that the Mexican Government suspended the project stock, Almaden inform their investors that the project involves ""big economic and legal risks"", and that the Canadian Government to ensure that this and other Canadian mining companies respected the human rights in their operations.
On its official internet site, Almaden ensures that in the region of stock being ""built long-term relationships in communities close to the Ixtaca project"".
Also that despite the fact that it is only in exploration ""on behalf of the shareholders, invest in training and health and social welfare projects"".
In April of last year, 180 environmental and social organizations from 16 countries delivered a letter to the first Minister Justin Trudeau to demand reforms to regulate the action of the mining companies of Canada involved in violations of human rights and in Latin America.
The letter refers to the study entitled ""The impact of Canadian in Latin America mining and the responsibility of Canada"", which was presented to the Inter-American Commission on human rights (IACHR), the Mission of Canada to the OAS, the Canadian Ministry of Foreign Affairs and the Embassy of the country in the 22 mining projects examined by a coalition of social, environmental and academic bodies.
The undersigned organizations are considered vital to mining companies and the Canadian Government to respect the right of indigenous peoples to self-determination and to free, prior and informed consent, before any mining activities on their territories.
Mexico close to 200 Canadian mining companies have exploration and extraction projects, told Notimex Carlos Espinosa, President of the Canadian monarch Minerals mining and who worked for Toronto Stock Exchange TSX as director of business development in the mining sector at the global level.

Load-Date: December 20, 2017",N,Y,0.9884919,false_positive
BLZE_3200,"Grantee:  Sarteneja Alliance for Conservation and Development  
Area Of Work:  Climate Change Mitigation  
Operational Phase:  Phase 5  
Grant Amount: US$ 39,829.50

Co-Financing in-Kind: US$ 45,648.00  
Description : Corozal Bay Wildlife Sanctuary is considered an eco-regional priority site within the Mesoamerican reef. The large, transboundary, estuarine system has a high degree of natural resource integrity, with large expanses of mangroves and seagrass providing important ecosystem services to the adjacent coastal communities. However, the area is also identified as at the highest national risk of climate change impacts, with more frequent heat waves and droughts, less predictable, more intense rainfall leading to increased flooding, and rising sea levels with associated saline intrusion. This, in a district with the highest rate of poverty increase and heavy reliance on climate-dependent agriculture and fishing, makes three of these communities - Sarteneja, Chunox and Copper Bank - among the most vulnerable in Belize. Community consultations in all three communities have demonstrated that 100% of the participants surveyed (n=67, including community leaders, small farmers, fishermen, tour guides, women, teachers and students,) consider that neither they nor their communities are prepared for climate change and the significant impacts it is predicted to have on the area, its natural resources and community livelihoods.  
This project, developed by the community-based Sarteneja Alliance for Conservation and Development (SACD) following a series of community consultations, focuses on strengthening management interventions for climate change adaptation for Corozal Bay Wildlife Sanctuary and its primary stakeholder communities, building awareness in Sarteneja, Chunox and Copper Bank of the value of the Wildlife Sanctuary and its coastal mangroves in protecting and assisting the communities in adapting to climate change. It also focuses on the critical need to assist communities and those community sectors identified as most at risk to take their first steps towards adaptation, increasing community resilience and decreasing community vulnerability. This is to be achieved through 1) building climate change resilience in the highly vulnerable, local artisanal fishing industry; 2) increasing awareness of climate change, its predicted impacts and potential adaptation mechanisms in these communities, with the associated development of participatory community adaptation plans.

The project benefits from collaboration with the National Climate Change Office, the Faculty of Science and Technology of the University of Belize, El Colegio de la Frontera Sur (Quintana Roo), the Belize Fisheries Department and Wildtracks

these organizations will be providing capacity building and training support for project activities.  
Grantee Contact  
Mr. Joel Verde  
Phone: 501 614 8244  
Email: sacdsarteneja@gmail.com  
Address  
North Front Street, Sarteneja Village  
Cor 
Project completion date : 2016-11-30 12:00:00  
Major organization : SGP THE GEF SMALL GRANTS PROGRAMME  

Address : UNDP Belize,3rd Floor,

Lawrence Nicholas Building Complex ,  
P.O. Box 53,South Ring Road,  
Belmopan, Central America  

Country :Belize 
Email : philip.balderamos@undp.org  

Url : http://www.gefsgp.org 

Financier : Global Environment Facility Small Grants Programme (SGP),

Load-Date: February 4, 2015",N,Y,0.72095805,false_positive
ARAL_6922,"Ismatilla Ergashev, Special Representative of the President of Uzbekistan to Afghanistan, affirmed Afghanistan's right to draw water from the Amu Darya border river during a recent roundtable discussion, which was part of International Partnership Initiatives Week, as reported by AKIPress.  
Uzbekistan has established a joint commission with Afghanistan to address the development of the Qosh Tepa Canal by the Taliban administration, which wants to provide steady volumes of irrigation water to Afghan farmers. Afghanistan has historically not staked a substantial claim to a share of water from the river and there are concerns that disagreements between Afghanistan and its Amu Darya border neighbours, namely Tajikistan, Uzbekistan and Turkmenistan, could break out if it eventuates that the canal proves ""thirsty"" and there is not enough water to satisfy everyone's needs.  
Ergashev reportedly emphasised the collaborative nature of the Qosh Tepa endeavour, claiming: ""There is no confrontation with the Taliban on this issue."" He further noted: ""The Afghan people also have the right to use water from the Amu Darya river. There are no problems between us. The question is which country will use how much, as well as the quota for its use, taking into account the shallowing of the river.""  
The Qosh Tepa Canal is set to span 285 kilometres (177 miles), with a width of 100 metres and a depth of 8.5 metres.   
The canal is projected to divert up to 10 cubic kilometres of water annually, representing around 20% of the river's total volume.   
Experts have warned that this could diminish the water supply flowing into Uzbekistan, intensifying the need for coordinated water resource management to secure a consistent water supply.  
Historically, the Qosh Tepa Canal concept dates back to the 1950s when it was first proposed by British planners. It was later revisited by Russian and American authorities.   
The project was officially announced by the Taliban administration in March 2022. The canal will start from a point along the Amu Darya in Afghanistan's Balkh region.  
Even without the canal, Central Asia is projected to face an annual water deficit ranging from five to 12 cubic kilometres by 2028-2029. 

Load-Date: October 29, 2024",N,Y,0.994615,false_positive
BLZE_1070,"By Aaron Humes: The managers of the three major hydroelectric dams along the Macal River, Fortis Belize, says it ""has all hands on deck at the Mollejon, Chalillo and Vaca dams.""
While the country may be currently in the last of the dry season, Fortis notes that in this time of shortage, ""water collected during the rainy season allows us to generate hydroelectricity at maximum capacity to send to the grid.""
With national capacity at 93 megawatts, Fortis claims that on Thursday it supplied nearly half that capacity and ""will continue to generate as much electricity possible to meet energy needs.""
Advertise with the mоѕt vіѕіtеd nеwѕ ѕіtе іn Belize ~ We offer fully customizable and flexible digital marketing packages. Your content is delivered instantly to thousands of users in Belize and abroad! Contact us at mаrkеtіng@br еаkіngbеlіzеnеwѕ.соm or call us at 501-612-0315.
Content is copyrighted and requires written permission for reprinting in online or print media. Theft of content without permission/payment is punishable by law.

Load-Date: May 4, 2024",N,Y,0.69471705,false_positive
HLMD_6854,"The Taliban in unofficial meetings with Iranian officials said they recognize the Helmand River Treaty signed between Afghanistan and Iran in 1973, an official from Iran's foreign ministry has said.
According to the treaty, Afghanistan is committed to sharing the water from the Helmand River with Iran and will supply 26 cubic meters of water per second, or 850 million cubic meters per annum.
Former president Ashraf Ghani had repeatedly said Afghanistan would not give water free of charge to any country, especially to Iran.
Rasoul Mousavi, general director of the Iranian foreign ministry's west Asia department, said on Thursday in a meeting that the Taliban in their unofficial meetings with Iranian officials have recognized the 1973 treaty.
Mousavi has also said the recent developments in Afghanistan (Taliban) could turn into a strategic threat against Iran's national interests unless changes happens in the government.
""If the Taliban government with the current thought and format gets established in Afghanistan, it definitely will be a strategic threat against our country's national interests. There is no doubt about it,"" he said.
Although the Islamic Emirate has not rejected or confirmed the remarks of the Iranian official, they have sparked reactions among the people and analysts.
Attaullah Afghan, the former head of the Helmand provincial council, said the level of water has lowered in Helmand River, and said that the river's water flow into Iran should not be allowed.
""Iran's request for water is not accepted to the Helmand people because they themselves face a water shortage,"" he said.
""The Iranians want Afghanistan's water to not be managed properly,"" said Hamid Mujadadi, a university lecturer.
Tariq Farhadi, a political analyst, said Mousavi's remarks are not valid because Iran has not recognized the Islamic Emirate and they cannot reaffirm such treaties. ""Remarks of the Iranian official are completely baseless. When has the Taliban signed it? When they were not in power? So that signature is not valid. If they signed after coming to power, Iran has not recognized their government,"" he said.
Ghani had said he will give water to the neighboring countries in exchange for oil, but will not give it away for free.

Load-Date: June 21, 2022",N,Y,0.9869795,false_positive
ARAL_14206,"Link to Image
Link to Story
Ashgabat, Turkmenistan, Oct. 1By Huseyn Hasanov - Trend:Ashgabat has put forward initiatives to preserve the Caspian Sea and save the Aral Sea,Trendreports referring to the UN News Center.Turkmen Deputy Prime Minister and Foreign Minister Rashid Meredov has voiced Turkmenistan's priorities in the international arena from the rostrum of the UN General Assembly.""We will persistently promote the idea of ​​forming the UN Special Program for the countries of the Aral Sea basin,"" Meredov emphasized, inviting all interested parties to participate in consultations on this topic.'Ecology and environmental protection are priority areas of activity of the Turkmen government,' the minister said.One of the important issues on Turkmenistan's agenda is the problem of the use of water resources. Ashgabat insists that it must be resolved on the basis of universally recognized norms of international law.""Water issues must be considered on the basis of the principles of mutual respect, consent and consideration of the interests of all countries located in the basins of transboundary rivers, watercourses and border lakes,"" the minister said.'Turkmenistan opposes the construction of big hydraulic structures on transboundary rivers, believing that such projects are associated with great environmental, socio-economic and humanitarian risks,' he added.Meredov also called on international organizations to participate more actively in the consideration of water issues.Moreover, Turkmenistan stands for active international cooperation in the field of ensuring peace and security and believes that the UN should play a central role in these efforts.'The countries should seek a reasonable balance between the national interests and the interests of the entire international community,' the minister added.""The key condition is the restoration and establishment of trust and predictability as the most important factor in building constructive relations in the international arena and making balanced and responsible decisions,"" Meredov added.In this context, Turkmenistan proposed declaring 2021 the International Year of Peace and Confidence. 
'The General Assembly supported this idea by adopting the corresponding resolution earlier this month,' the minister added.He also said that Ashgabat will celebrate the 25th anniversary of international recognition of Turkmenistan's permanent neutrality next year.The International Conference on Peace and Security, which will be held in Ashgabat in December 2020, is timed to this date.

Load-Date: December 19, 2019",N,Y,0.97262347,false_positive
ARAL_513,"Text of report by website of privately-owned Tajik online news agency Avesta on 15 December
Avesta Online, 15 December: The Global Environment Facility (GEF) Council has agreed to support the Food and 
Agriculture Organisation (FAO) projects in Azerbaijan and Tajikistan totalling $12.5 million, the FAO reports.
These projects will contribute to the achievement of the global sustainable development goals (SDGs), especially 
those related to sustainable water management (SDG 6) and the conservation of terrestrial ecosystems (SDG 15).
The two new initiatives will, firstly, reduce (and reverse) land degradation and conserve biodiversity in protected 
areas, and secondly, implement sustainable water management together with neighbouring Afghanistan.
""In an upstream country like Tajikistan, the Global Environment Facility's support for trans-boundary water 
resources management, combined with the FAO's expertise, will contribute to long-term positive development effect 
in participating countries and other countries located downstream,"" Oleg Guchgeldyev, FAO Representative in 
Tajikistan, said, commenting on the approval of the project.
The Panj River is a tributary of the Amu Darya, along which a significant part of the border of Afghanistan and 
Tajikistan passes. Recent temperature changes have begun to affect the Panj River Basin, including water flow and 
an increased risk of droughts and floods.
FAO's five-year project will institutionalise trans-boundary water resources management between Tajikistan and 
Afghanistan in the Panj sub-basin. The project will support the creation of a new functional mechanism and the 
promotion of efficient trans-boundary water resources management to manage interrelated trade-offs in the river 
basin.
The two countries will conduct a joint diagnostic analysis that takes into account climate change, environmental 
flows and development trade-offs, which will serve as the basis for the development of a trans-boundary water 
management strategy and action programme. Subsequently, countries will jointly implement pilot water 
Page 2 of 2
Tajikistan to receive UN funds for water resources management
 
management and climate change activities to effectively reduce drought and flood risks and manage water and land 
resources sustainably, and share results and experiences.
The project also aims to improve the knowledge of key partners, intensify participatory processes, and ensure 
gender equality.
Source: Avesta website, Dushanbe, in Russian 1513 gmt 15 Dec 20
Load-Date: January 4, 2021",N,Y,0.9693242,false_positive
ARAL_2396,"11 April 2022 (Asian Development Bank) ADB is working with the government to modernize the Yovon irrigation and drainage system in the lower Vakhsh river basin by making it more climate and disaster resilient.
The project will modernize irrigation canals and associated structures, install energy-efficient water pumps, and upgrade drainage structures. By using satellites to measure water productivity and crop production, and a buried pipe system with metering for increased control of irrigation water use, the project has a strong innovation and technological component.
The project will help mainstream gender policies in water users' associations and in the Agency for Land Reclamation and Irrigation to increase women's involvement in management and access to services.

Load-Date: April 12, 2022",N,Y,0.84645087,false_positive
LKCH_44956,"2023 DEC 12 (NewsRx) -- By a News Reporter-Staff News Editor at NewsRx Science Daily -- Researchers detail new data in resource research. According to news reporting from the University of Douala by NewsRx journalists, research stated, ""A multi-tracer approach has been implemented in the southwestern part of the Lake Chad Basin to depict the functioning of aquifers in terms of recharge, relationship with surface water bodies, flow paths and contamination."" 
 Financial supporters for this research include International Atomic Energy Agency. 
 Our news correspondents obtained a quote from the research from University of Douala: ""The results are of interest for sustainable water management in the region. The multi-layered structure of the regional aquifer was highlighted with shallower and intermediate to deep flow paths. The shallower aquifer is recharged with rainwater and interconnected with surface water. The groundwater chemistry indicates geogenic influences in addition to a strong anthropogenic fingerprint."" 
 According to the news reporters, the research concluded: ""The intermediate to deep aquifer shows a longer residence time of groundwater, less connection with the surface and no to only a little anthropogenic influence. Ambient Levels (ABLs) and Threshold Values (TVs) show the qualitative status of the groundwater bodies and provide helpful information for water resources protection and the implementation of new directives for efficient and more sustainable groundwater exploitation."" 
 For more information on this research see: Groundwater Resources of the Transboundary Quaternary Aquifer of the Lake Chad Basin: Towards a Better Management via Isotope Hydrology. Resources, 2023,12(12). (Resources - http://www.mdpi.com/journal/resources). The publisher for Resources is MDPI AG. 
 A free version of this journal article is available at https://doi.org/10.3390/resources12120138. 
 Our news editors report that more information may be obtained by contacting Fricelle Song, Faculty of Sciences, University of Douala, Douala P.O. Box 24157, Cameroon. Additional authors for this research include Bertil Nlend, Suzanne Ngo Boum-Nkot, Frederic Huneau, Gustave Nkoue Ndondo, Emilie Garel, Thomas Leydier, Helene Celle, Boris Djieugoue, Marie-Joseph Ntamak-Nida, Jacques Etame.  
 ORCID is an identifier for authors and includes bibliographic information. The following is ORCID information for the authors of this research: Bertil Nlend (orcid.org/0000-0001-7961-1901), Frederic Huneau (orcid.org/0000-0002-8014-6805), Emilie Garel (orcid.org/0000-0002-3745-9574). 
 Keywords for this news article include: University of Douala, Resource Research, Science. 
 Our reports deliver fact-based news of research and discoveries from around the world. Copyright 2023, NewsRx LLC 

Load-Date: December 12, 2023",N,Y,0.7756048,false_positive
HLMD_6592,"By BBC Monitoring
The Afghan Taliban administration has reached an agreement with Iran to implement the Hirmand river (Helmand) water treaty, the private Tolo News TV channel reported on 20 June.
The Taliban's Ministry of Energy and Water said that in the current year, Helmand river's water will be shared with Iran based on the Helmand Water treaty signed between the two countries in 1973.
A senior official of the MoEW, Barakutullah Aryubi, said that both sides have agreed to establish stations and facilities on their respective sides along the Helmand River.
""Both sides have insisted on full implementation of the treaty which serves each of the two countries. However, there are some issues facing the implementation of the treaty which should be addressed,"" he said.
The official also said that efforts are under way to complete the construction of the Kamal Khan Dam.
""The MoEW is serious about the completion of construction of the Kamal Khan Dam to address the problems of the people,"" Aryubi stated.
Observers also talked about the significance of construction of dams for economic growth as well as for improving the agriculture sector in Afghanistan.
Helmand River has been the subject of a long-running dispute between Afghanistan and Iran. Based on a 1973 agreement, Afghanistan is committed to deliver an average of 820m cubic metres of water per annum to Iran. This water runs into Hamun marshland along the length of its common border.
See: Explainer: Iran-Afghanistan disputes over water resources
Source: Tolo News TV in Dari 1330 gmt 20 Jun 22

Load-Date: June 23, 2022",N,Y,0.9932025,false_positive
MPUT_176,"The head of the local election brigade for Maputo province of Mozambique's ruling Frelimo Party, Veronica Macamo, on Thursday accused opposition candidates of plagiarizing the Frelimo election manifestos, since they had no ideas of their own.
""Sometimes I feel sad when, after our candidate has promised to set up a municipal transport company, I hear an opposition candidate say exactly the same thing"", she said. ""When the Frelimo candidate promise to improve the water supply , the opposition says the same, but in a light-minded fashion, with no prior study"".
The independent television station, STV, then asked Jose Samo Gudo, candidate of the main opposition party, the former rebel movement Renamo, for mayor of the city of Matola, for his opinion of Macamo's attack. He brushed aside the charge of plagiarism - but plagiarism was on display as he spoke, for his supporters were singing a well known Frelimo song. They had just adjusted the lyrics slightly so that it now praised Renamo.
Meanwhile the daily paper ""O Pais"" has witnessed intimidation of opposition supporters in the northern city of Nampula. Reporters watched as a brigade from the country's third largest party, the PDD (Party for Peace, Development and Democracy) attempted to campaign in the Gulamo market, in the Napipine neighbourhood..
The head of this market ordered a group of apparently drunken youths to expel the PPD supporters from the market and destroy all their campaign material.
The Renamo spokesperson in Nampula, Arnaldo Chalaua, told ""O Pais"" that his party's election posters were being torn down by children whom he believed were being used by Frelimo.
Local officials admit that violence is taking place in Nampula, but blame it on criminal elements pretending to be Frelimo supporters. The Napipine neighbourhood secretary, who identified himself to ""O Pais"" only as Felizardo, admitted that ""groups of anti-social elements"", claiming to be Frelimo members, were committing ""acts of vandalism"", mainly at night. He denied that the real Frelimo had anything to do with such behaviour.
In the central city of Beira, the Frelimo candidate, Lourenco Bulha, ran into a snag when he tried to inaugurate three standpipes in the neighbourhood of Inhamizua. Supporters of the current mayor, Daviz Simango, mobilized Inhamizua residents to boycott the ceremony and to flypost Simango's posters in the area.
The secretary of Inhamizua neighburhood, Alberto Zino, told ""O Pais"", that Bulha retaliated by sending his son and another campaign worker to remove the taps from one of the standpipes and thus deprive the area of water. The population immediately informed Simango, who contacted the chairperson of the government's Water Supply Assets and Investment Fund (FIPAG) and the Beira FIPAG delegate. The water supply at the Inhamizua standpipe was restored within 20 minutes.
However, Frelimo dismisses this story as fictional. Cremilde Sabino, the representative of the central state in Beira, denied that Bulha had sabotaged the Inhamizua water supply, although it was true that Simango's supporters had boycotted the ceremony.
As for complaints that Bulha should not be inaugurating public works when he is merely a candidate, Sabino said there was no problem since the central government is a Frelimo government and Bulha is a Frelimo candidate.
Zino had claimed that the new standpipe had operated for six days before Bulha sabotaged it. In fact, said Sabino, it was only on Thursday that she had ordered the taps to be installed. 
Meanwhile, the Renamo candidate in Beira has threatened to sue a journalist on the weekly paper ""Magazine Independente"" (MI) for writing in this week's issue that supporters of Simango had prevented him from campaigning in one of the Beira neighbourhood. Pereira claimed that the journalist (whom he did not name) had been paid by Simango to damage his image.

Load-Date: November 14, 2008",N,Y,0.66421366,false_positive
JORD_11732,"An agreement has been ratified by the Israel, Jordan and the Palestinian Authority to lay a pipeline between the Red Sea and the Dead Sea, which would offer all three with fresh water.
At the World Bank in Washington, D.C, the pact was inked, establishing a project called the Two Seas Canal.
The project would add about 100 million cubic meters of water a year from the Red Sea to the Dead Sea to slow the drying up of the latter.
A seawater desalination plant in Aqaba, Jordan would also be set up to offer fresh water yearly for all three signatories. 
The project is being financed by the World Bank at a cost of $200 million to $400 million, with the three signatories to repay the bridge loans being used.
In an interview with the Israeli daily Yediot Acharonot, Silvan Shalom, Israel  s minister of energy and water, declares the inking of the agreement.<p class='syndigate_disclaimer'>Copyright © Euclid Infotech Pvt. Ltd.

Load-Date: December 12, 2013",N,Y,0.6408606,false_positive
LKCH_4882,"Title: Sustainable water resources management of the Lake Chad Basin; Module: Organisational advice for the Lake Chad Basin Commission  
Commissioned by: German Federal Ministry for Economic Cooperation and Development (BMZ)  
Country: Chad; member states of the Lake Chad Basin Commission: Niger, Nigeria, Cameroon, Chad, Central African Republic, Libya  
Lead executing agency: Lake Chad Basin Commission  
Overall term: 2011 to 2017  
Context  
Since 1960, the maximum seasonal expansion of Lake Chad has shrunk from 30,000 sq km to around 2,500 sq km. Climate variations, population growth, dam building, large-scale irrigation projects in the catchment area, and the extensive extraction of groundwater have all contributed to a reduction in the size of the lake and its capacity for regeneration.  
Around 37 million people live in the region of the Chad Lake basin, most of them farmers, livestock farmers and fishing communities. The disappearance of the available water resources is causing the decline of the fisheries and threatening biodiversity. Additional new settlements built on the dried-out lakebed are increasing the pressure on the aquifer system due to increased agricultural production. Slash-and-burn agriculture encourages desertification. These factors are leading to food insecurity and social tensions; they are worsening poverty and prompting migration trends.  
Founded in 1964, the Lake Chad Basin Commission is charged with overseeing and coordinating water projects and protecting the natural resources. It is responsible for regulating and monitoring water usage, and acts as a mediator in cases of dispute. It is the only institution accepted by all six of the lake states for the resolution of any cross-border problems that arise. The programme   Sustainable water resources management for Lake Chad   was launched to support the Commission in coping with its varied challenges.  
Objective  
The efficacy, efficiency and know-how of the Lake Chad Basin Commission have been strengthened for the long term.  
Approach  
This project, in which GIZ and the German Federal Institute for Geosciences and Natural Resources (BGR) are cooperating with the Lake Chad Basin Commission, focuses on the provision of advisory services to the Commission. To achieve sustainability, the Commission works independently, though with the support of GIZ and BGR, to carry out the activities that are decided upon collectively within the programme. Organisational advice and knowledge management (development and adaptation of the existing information and database system) have been identified as the main areas in which the Commission should receive support in order to be able to fulfil its tasks on a sustained basis.  
The reorganisation of the Commission, which first began in 2009, has so far failed to accommodate the expectations of the lake states. The current status of reform implementation is therefore being evaluated by the project as one of its organisational development 

country :ChadCopyright © Euclid Infotech Pvt. Ltd.

Load-Date: February 15, 2014",N,Y,0.9329437,false_positive
,"The Columbia River Inter-Tribal Fish Commission issued the following news release:
Indian Country was front and center at the national conference of the American Fisheries Society. Staff from the Columbia River Inter-Tribal Fish Commission (CRITFC) and its member tribes were featured throughout this week's prestigious event that was held in Portland, Oregon.
Over the course of the four-day event, CRITFC and tribal staff gave over 27 presentations, displayed 7 research posters, screened 2 documentaries, and were an integral part of the conference's development and operations. Yakama Nation tribal leader Gerald Lewis provided the conference's invocation. CRITFC Executive Director Paul Lumley gave the plenary session welcome address to the more than 3,500 fishery professionals from all over the world. Staff presentations highlighted the diversity of their work in genetics, harvest management, cutting-edge fisheries research, sturgeon and lamprey biology, climate change, and many others.
CRITFC, along with several other Columbia River basin tribes and First Nations, received the American Fisheries Society's 2015 William E. Ricker Resource Conservation Award. This award acknowledges singular accomplishments or long-term contributions that advance aquatic resource conservation at a national or international level. The AFS Past Presidents Advisory Council recognized tribal leadership and their work in creating a common vision for restoring ecosystem function and resiliency to the Columbia River Watershed.
During his plenary speech, CRITFC Executive Director Paul Lumley called upon scientist to address climate change, stating, ""when the tribes signed the treaties of 1855 we didn't anticipate climate change. But climate change is here. The warming waters and dying fish are an urgent matter and we need your help.""
The American Fisheries Society is the world's oldest and largest organization dedicated to strengthening the fisheries profession, advancing fisheries science, and conserving fisheries resources. This week's conference was the 145th national conference for the organization.
Copyright Targeted News Services
AutoTriage6yd 150821 30VitinMar-5250436 30VitinMar

Load-Date: August 21, 2015",N,Y,0.71183175,false_positive
ARAL_12889,"Link to Image
Link to Story
Baku, Azerbaijan, July 12 Trend: A business delegation from Switzerland headed by the Minister of Economy, Education and Scientific Research of the Confederation Johann Schneider-Ammann arrived in Uzbekistan on July 12,'UzDaily' news portal reported. The delegation of Switzerland arrived to familiarize with the progress of social and economic reforms implemented in Uzbekistan and to discuss the expansion of bilateral cooperation. The delegation included representatives of a number of companies, banks, economic departments of Switzerland. Within the framework of the visit, the delegation will hold talks in the ministries and other structures of Uzbekistan, visit a number of enterprises. Also, the business circles will take part in the business forum. The delegation will also visit Samarkand, where it will get acquainted with the implementation of the Swiss-funded project to develop the irrigation network, as well as observe activities of a local enterprise specializing in the supply of dried fruits, vegetables. Switzerland is one of the leading trade and economic partners of Uzbekistan in Europe. According to the results of 2017, bilateral trade amounted to $154.5 million. In Uzbekistan, 84 companies operate with the participation of Swiss capital. Follow Trend on Telegram. Only most interesting and important news MENAFN1207201801870000ID1097153807

Load-Date: July 12, 2018",N,Y,0.9219218,false_positive
ARAL_1558,"Text of report by privately-owned Tajik news agency Asia-Plus website on 31 October
Since the early years of independence, Tajikistan has always been giving priority to regional cooperation in its 
policy, especially with neighbouring countries, and considers such cooperation to be the only way to resolve any 
problems, Tajik President Emomali Rahmon said at a ceremony to launch construction of the dam for the hydro 
power station Roghun on 29 October.
""In this regard, we have repeatedly stated - and I want to reiterate - that we support fruitful and mutually beneficial 
cooperation with the countries in the region in terms of the implementation of hydropower plans. This is because 
such an attitude is a requirement of life and imposes on all of us great responsibility for our future generations,"" 
Emomali Rahmon said.
Addressing ""fraternal peoples in Central Asia"", the Tajik president said that ""the Tajik people have lived with their 
neighbours in an atmosphere of peace, tranquility, mutual understanding and cooperation for many centuries"".
""With full responsibility I declare that we will continue this tradition of our ancestors. We will never and under no 
circumstances leave our neighbours without water,"" the Tajik leader promised.
""Moreover, I reiterate that by attracting domestic and foreign investments, we are ready to implement a project to 
provide all residents of Central Asian countries with quality drinking water from Sarez Lake, the water of which will 
forever be enough for the people in the region,"" Rahmon said.
""At present, we have good neighbourly relations with the countries of the region, including friendly and fraternal 
Uzbekistan, in mutually beneficial areas, especially in the water, energy, transport and other spheres. We are 
absolutely sure that all important issues of bilateral relations will be resolved in a spirit of mutual understanding for 
the benefit of our peoples,"" the leader of the nation added.
[Monitor's note: Tajikistan began to build the 335-metre dam for the controversial power plant Roghun on 29 
October. Uzbekistan has been opposed to the Roghun project, voicing concern over possible natural disasters in 
Uzbekistan and Kazakhstan, downstream states along the region's two trans-border rivers Amu Darya and Syr 
Darya.]
Source: Asia-Plus news agency website, Dushanbe, in Russian 0335 gmt 31 Oct 16
Load-Date: October 31, 2016
Page 2 of 2
Tajikistan says not to leave neighbours without water",N,Y,0.9976404,false_positive
ARAL_7033,"BAKU, Azerbaijan, October 24. The construction of the Kambarata-1 hydropower plant on the Naryn River is set to enhance the energy security of the entire region, Chairman of the Board of the Eurasian Development Bank (EDB) Nikolay Podguzov said in an interview with Trend.
""I would first like to highlight the increased regional cooperation in the water-energy sector and its development. A notable example of such cooperation is the significant progress on the Kambarata-1 Hydropower Plant project on the Naryn River,"" Podguzov stated.
He reminded that the governments of Kyrgyzstan, Kazakhstan, and Uzbekistan have agreed to jointly establish a joint-stock company for the construction of the Kambarata-1 Hydropower Plant, with Kyrgyzstan holding 34 percent, Kazakhstan 33 percent, and Uzbekistan 33 percent.
""Preparatory work is underway. The plant will have a capacity of 1,860 megawatts and will produce 5.6 billion kilowatt-hours of electricity annually. The plant's construction under the principles of cross-border public-private partnerships addresses both the energy and water security needs of the region,"" Podguzov emphasized.
The Chairman also noted that the development of new transport routes, new gas transport infrastructure, warehouse construction, digitalization of the economy, increasing demands for modern urban infrastructure, the rapid growth of cargo transportation with China, and its active involvement in regional energy infrastructure development are shaping Kyrgyzstan's economic policy in response to the challenges of the water-energy complex in the Aral Sea basin.

Load-Date: October 24, 2024",N,Y,0.9563089,false_positive
ARAL_15243,"On 18 May 2021, during the plenary meeting of the 75th session of the United Nations General Assembly, at the suggestion of the President of the Republic of Uzbekistan Shavkat Mirziyoyev, a special resolution was unanimously adopted on declaring the Aral Sea region a zone of environmental innovations and technologies. The initiative of the head of Uzbekistan received broad support from the world community, as evidenced by the fact that about 60 states from various regions of the world co-sponsored the resolution. In the adopted resolution, the UN General Assembly: - declares its support for regional events and initiatives aimed at improving the environmental, social, economic and demographic situation in the Aral Sea region; - encourages scientific and research advisory activities in the interests of further restoration and improvement of the environment, conservation of natural resources and improvement of the quality of life of the population; - emphasizes the importance of intensifying regional cooperation in the implementation of joint measures to overcome the consequences of the Aral Sea crisis and stabilize the ecological situation in the region; - calls on all stakeholders to conduct joint interdisciplinary research, develop and introduce environmentally friendly technologies, promote sustainable inclusive and environmentally sustainable economic growth and the use of energy and water saving technologies. 
The document reflects the high appreciation and support of the UN for the creation, at the initiative of the Government of Uzbekistan, of the International Innovation Center of the Aral Sea region under the President of the Republic of Uzbekistan and the establishment under the auspices of the UN of the Multi-Partner Trust Fund for Human Security for the Aral Sea Region. The Aral Sea region became the first region to which the General Assembly granted such a significant status - the Zone of Environmental Innovations and Technologies. The adoption of a special resolution of the UN General Assembly is aimed at joining efforts in order to create conditions and incentives for attracting investments in the development and implementation of high-tech innovations, environmentally friendly, energy and water saving technologies, the integrated application of the principles of a ""green"" economy, prevention of further desertification and environmental migration, development ecotourism and other measures. The document will also allow to consolidate efforts and ensure coherence of programs and projects of specialized agencies, funds and programs of the UN system in support of the priorities of regional cooperation, integration and sustainable development.  

Load-Date: June 11, 2021",N,Y,0.86060363,false_positive
JORD_41873,"JORDAN VALLEY, September 17, 2018 (WAFA) – Israeli forces Monday stormed the village of Bardala, in the northern Jordan Valley, under the pretext of searching for ""unauthorized"" water holes, according to the village's council member Dirar Sawafta.
He told WAFA Israeli forces stormed the area and closed a number of water holes that they claimed were ""illegal.""
In the last few years, Israel has intensified its war on water in the agricultural areas of the Jordan Valley and has destroyed water pipelines almost daily.
T.R./M.K.

Load-Date: September 17, 2018",N,Y,0.9993436,false_positive
ARAL_349,"The water resources in Central Asia's Aral Sea Basin support the lives and livelihoods of about 70 million people - 
a population greater than Thailand, France, or South Africa.
And unless well-funded and coordinated joint efforts are stepped up, with competition replaced by cooperation, 
ongoing over-withdrawals compounded by climate change will cause dangerous water shortages in this huge, 
highly complex watershed spanning six nations: Afghanistan, Kazakhstan, Kyrgyzstan, Tajikistan, Turkmenistan, 
and Uzbekistan.
That's the key message of a new book co-authored by 57 regional and international experts from 14 countries and 
the United Nations, who spent years examining a suite of challenges in the Aral Sea Basin.
The new book assembles the views of nearly all major regional and international experts on the great challenges 
faced in the Aral Sea Basin. They include three co-authors from the UN University's Institute for Water, 
Environment and Health, in Hamilton, Canada.
And almost half of the authors are based in Central Asia, creating a unique blend of regional and international 
voices and expertise on these critical issues.
The Basin's two major rivers, the Amu Darya and Syr Darya, discharge now only about 10% of what flowed into 
the Aral Sea until the 1960s, shrinking the sea by more than 80 percent -- ""one of the world's most severe and 
emblematic environmental disasters.""
Freshwater is key to food, energy, environmental security and social stability among the six Aral Basin countries. 
And given the countries' prospective economic and population growth, reliance on water resources will increase, 
compelling cooperation in sharing benefits and reducing costs.
Intensive, wasteful irrigated farming when the nations were part of the Soviet Union was the main cause of the Aral 
Sea drying up and irrigation continues to consume about 90 percent of the total water withdrawal in the Basin, with 
agriculture contributing from 10 to 45 percent of GDP, and 20 to 50 percent of rural employment.
Most irrigation, hydropower and other water-related infrastructural systems and facilities are in transition, a blend 
today of past and present. Unfortunately, the existing observational meteorological and hydrological networks in the 
Page 2 of 2
URGENT NEED TO REPLACE COMPETITION WITH COOPERATION IN THE ARAL SEA BASIN
 
Basin, which declined in the 1990s when the Soviet period ended, are insufficient to support informed water 
management, and regional water data sharing is suboptimal.
Degradation of land and water are among the major hindrances to sustainable development in the region, with land 
degradation alone estimated to cost about US$3 billion of losses in ecosystem services annually.
There has been uneven progress across the countries on the Sustainable Development Goals (SDGs), and 
particularly Goal 6 (Clean Water and Sanitation), with contrasting progress also between urban and rural 
populations within each nation, most particularly Afghanistan.
The new book suggests a number of interventions and initiatives to end and reverse deterioration of the Aral Basin. 
For example, if existing large hydropower projects were managed in a collaborative manner, they can bring all 
countries multiple benefits, including improved reliability of supply and availability of water for agriculture, domestic 
use and electricity generation.
Monitoring of snow and glaciers in high altitude mountain areas, as well as permafrost, is essential for sound 
estimates of water availability and water-related hazards. Such systems need to be re-installed.
Also needed: institutions for decentralized management of natural resources, such as water user associations to 
promote cooperative, sustainable, intra-regional management between upstream and downstream countries and 
integrated rural development approaches.
Existing regional frameworks must either be reformed or replaced by new mechanisms of cooperation in order to 
successfully translate political will into highly effective, integrated regional water management.
Reforming the water sector, however, goes well beyond new policies and initiatives, updating the legislative 
framework, and building new institutions. A key challenge is to achieve continuous, strong, high-level political 
engagement throughout the Basin countries, the active participation of stakeholders, and technical and financial 
support.
The Aral Basin's many water-related issues must be addressed jointly by all involved states within the concept that 
water, energy, and food issues represent a critical, interlinked nexus of needs.
Major geopolitical and economic development interests are placing increasing pressure on countries of the Basin to 
end resource competition and find a way to closer cooperation and effective pursuit of their shared interests.
Load-Date: November 8, 2019",N,Y,0.9850429,false_positive
ARAL_1402,"Excerpt from report by Uzbek state-owned Television First Channel on 26 November
The Uzbek and Kazakh peoples are linked by centuries-long ties of fraternity, common history and destiny, moral 
and cultural values, linguistic and ritualistic similarities. Today both Uzbekistan and Kazakhstan pay special 
attention to consistently developing partnership relations between the two states. Due to mutual understanding, a 
solid treaty-fixed legal basis and extensive experience from top-level talks, all the necessary conditions and 
foundations have been created for long-term comprehensive and fruitful partnership. Uzbekistan and Kazakhstan 
support regular dialogue within a number of international organizations such as the UN, the SCO [Shanghai 
Cooperation Organization] and the CIS. This makes it possible for our countries to discuss important issues, to 
work out appropriate mechanisms for resolving many issues and to actively develop potential that exists in various 
areas of bilateral cooperation. As the two republics have similar views on a number of issues related to regional 
and international security and socio-economic development, they observe principles of equality, mutual benefit and 
respect for each other's interests. In experts' opinion, Uzbek President Islom Karimov's official visit to the Republic 
of Kazakhstan [on 24-25 November 2014] at the invitation of Kazakh President Nursultan Nazarbayev was of 
crucial importance in deepening the interstate cooperation taking into account our national interests and today's 
requirements.
[Passage omitted: an official welcoming ceremony was held at the Kazakh Akorda palace with guard of honour 
lined up. The two countries' national anthems were played. Then talks on trade and economic cooperation were 
held. There was an exchange of views on regional security and environmental protection]
[Uzbek President Islom Karimov speaking in Russian at a news conference] Esteemed media representatives, 
ladies and gentlemen! First of all, I would like to express sincere gratitude to the president of Kazakhstan, Nursultan 
Nazarbayev, for the invitation to make an official visit to Kazakhstan and for the traditionally hearty welcome given 
to our delegation. I would like to declare my deep satisfaction with the results of today's fruitful and meaningful talks 
which took place in the spirit of openness and trust and showed that our countries' positions are close or coincide 
practically on all the discussed issues of bilateral relations and key problems of regional cooperation and 
international political issues. This visit of Uzbekistan's delegation is a logical and consistent continuation of the 
constructive and thorough dialogue which took place between the presidents in Tashkent in June last year when we 
signed a treaty on strategic partnership between the Republic of Uzbekistan and the Republic of Kazakhstan that 
has already come into effect. The treaty opens a principally new chapter in long-term and mutually advantageous 
relations between our countries and peoples.
At the same time, we are feeling increasingly acutely the negative impact of the ongoing world economic crisis 
period, which in the opinion of so many international experts, is far from being over. All these old and new threats 
Page 2 of 3
Uzbek TV airs special programme on president's visit to Kazakhstan
 
and challenges directly affect the strategic interests of both Kazakhstan and Uzbekistan and, of course, require our 
closer collaboration with the aim of preserving peace, stability and calm in our countries and in the rest of the 
region, ensuring the steady development of the national economies and increasing the peoples' wellbeing. 
Speaking very briefly, at this complicated time, I and Nursultan Abishevich [Nazarbayev] again precisely confirmed 
our common responsibility  for our peoples' and our countries' current situation and future. We both  expressed 
aspirations to step up the work on the coordination of our countries' actions within international and regional 
organizations, and a programme adopted today for cooperation between the foreign ministries for 2015-16 is 
conducive to that. The sides have emphasized that the stabilization of the situation in Afghanistan and the 
achievement of peace in that long-suffering country as soon as possible is of crucial significance on the whole to 
ensuring security and stability in the Central Asian region and far beyond its borders. In this context, we expressed 
support for the Afghan people's efforts for national reconciliation and the peaceful revival of the country and spoke 
out in favour of strengthening the central coordinating role of the UN in international efforts for the resolution of the 
Afghan issue through widely using political and diplomatic methods and instruments.
During the talks, special emphasis was placed on a critical analysis of the current state of and prospects for bilateral 
trade and economic links. I would like to emphasize with satisfaction the dynamic and steady growth of bilateral 
trade which rose by 14 per cent last year and 25 per cent in the first nine months of 2014, and now already exceeds 
3bn dollars. At the same time, we expressed the common opinion that these indicators do not reflect the 
tremendous and ever increasing potential of our economies' mutually complementary nature or potential for the 
expansion of trade and economic cooperation. Here a question might arise: Due to what is this rapid increase in 
trade between Kazakhstan and Uzbekistan? You can see the pace of growth: 14 per cent in 2013 and 25 per cent 
in the first nine months of 2014. I would try to answer this question although it requires quite a serious analysis. 
What factors or what reasons influenced or were conducive to that? My personal opinion is that we started 
understanding each other better. This is the first and very important factor. There might have been some 
circumstances, some kinds of factors and causes, and not only internal but also external causes hindering our 
trade. Any economist who has at least some knowledge of international relations and especially trade and 
economic relations understands very well that if Kazakhstan's economy is juxtaposed onto the economy of 
Uzbekistan or the other way round, that is the economy of Uzbekistan is juxtaposed onto the economy of 
Kazakhstan, if these economies do not duplicate each other, and the structure of Kazakhstan's economy is unique, 
and structural changes have taken place in the territory of Kazakhstan and its economy, these helped new sectors 
come into existence, and moreover, the Kazakhstan's economic growth rates in the past few years, as you 
remember, were not less than 5-6 per cent. This shows that at a time when it was difficult for others to achieve even 
insignificant growth those growth rates [of Kazakhstan] are quite considerable. Uzbekistan is not behind either, and 
in terms of certain parameters is one of the countries not only in the former Soviet territory but also in the world with 
very high growth rates. Over the past 10 years, Uzbek economic growth rates were not less than 8 per cent. I would 
like to say that with these two factors and if these are used properly, we have tremendous opportunities to ensure 
the steady growth of not only our economies but also bilateral trade. There is every opportunity for that. I and 
Nursultan Abishevich came to a unanimous opinion that it is necessary to analyse all the possibilities again and 
again and use those possibilities that are far from being used. I would like to note that we are grateful to our Kazakh 
partners for supporting Uzbekistan's chairmanship at the International Foundation for Saving the Aral Sea and for 
being ready to take joint actions as part of the third phase of the programme of action to provide help to countries 
around the Aral Sea basin, programme of measures for dealing with the aftermath of the Aral Sea disaster adopted 
as an official document at the 68th session of the General Assembly. An agreement has also been reached on 
further developing cultural and humanitarian cooperation within the programme for 2013-15, which undoubtedly is 
the most important factor in bringing the two peoples closer together and helps to strengthen inter-ethnic accord in 
our countries.
I can definitely say that a large number of countries are very attentively watching our meeting and today's talks 
between us and Nursultan Abishevich, of course. And first of all, our peoples, both the Kazakhs and Uzbeks, are 
watching very attentively. And they are very glad when we find mutual understanding on very serious issues. And 
most importantly, everyone cannot but be concerned about the current situation around us, that is near our 
countries and far away, the tension that is, regrettably, not abating but rising. And the closest peoples, the closest 
friends are the Kazakh and the Uzbek nations. They are exactly in this category.Page 3 of 3
Uzbek TV airs special programme on president's visit to Kazakhstan
 
[Passage omitted: people would not understand if they had not met to discuss serious issues. Nursultan 
Nazarbayev said they had discussed a wide range of issues. They also visited a museum]
Source: Uzbek Television First Channel, Tashkent, in Uzbek and Russian 1500 gmt 26 Nov 14
Load-Date: November 27, 2014",N,Y,0.9207897,false_positive
ARAL_12652,"Ashgabat, Turkmenistan, Aug. 24
By Huseyn Hasanov- Trend:
Turkmenistan's Turkmenbashi city hosted a working meeting of heads of environmental agencies of Central Asian countries in anticipation of the summit of heads of the founding states of the International Fund for Saving the Aral Sea (IFAS) on August 24, the Turkmen Foreign Ministry said in a message.
The event covered issues as part of the Interstate Commission on Sustainable Development (ICSD).
The participants considered issues on strengthening the institutional and legal framework for regional cooperation and sustainable development in the field of environmental protection.
Heads of environmental agencies of Central Asian countries reviewed the development of a regional program on environmental protection for the sustainable development of Central Asia, the message said.
Meanwhile, the 74th meeting of the Interstate Commission for Water Coordination (ICWC) of Central Asia was held in the Avaza tourist zone in Turkmenistan.
Heads of water management agencies of Central Asia - ICWC members discussed the implementation of limits and operating regimes of water reservoir cascades for the vegetation period of 2018 along the Sirdaryo and Amudaryo river basins, as well as the preparation of the program to assist the Aral Sea countries (Aral Sea Basin Program, ASBP-4).
The main objectives of this program include improving living conditions of the people in the Aral Sea basin, intensifying cooperation of the countries of Central Asia in solving environmental and socio-economic problems, rational use of water resources and adaptation to climate change.
As part of the meeting, a presentation of the Central Asian regional environmental center on the implementation of the Smart Waters Project in the region and the project's interim results was held, the message said.
Established in the 1990s by Kazakhstan, Kyrgyzstan, Tajikistan, Turkmenistan and Uzbekistan, IFAS aims to finance joint projects and programs to save the Aral Sea and improve the environmental situation in the Aral Sea region.
IFAS was granted an observer status in the UN General Assembly in December 2008. Ashgabat put forward earlier an initiative to develop a special UN program for the Aral Sea.

Load-Date: August 25, 2018",N,Y,0.987375,false_positive
JORD_35342,"Link to Image 
Link to Story
After years of stalled water infrastructure projects, Israeli and Palestinian water officials finally started meeting again a few months ago, and have now come to an agreement to cooperate on a large project that will provide billions of gallons of new water for Israel, Palestine and Jordan. Seth Siegel in an editorial for the New York Times this month on how the project ties the countries interests together and why their shared geography may help lead to more profound reconciliation. The DailyBrief Must-reads from across Asia - directly to your inbox Comments MENAFN0208201701590000ID1095685304

Load-Date: August 10, 2017",N,Y,0.9263037,false_positive
ARAL_1383,"Climate Central
The Aral Sea has been dying a long, slow death. This summer, another nail was driven into its coffin.
Starting in the 1950s, when Soviet authorities began programs that diverted water from its tributaries, the inland 
lake in Central Asia – once the fourth largest in the world, bigger than Lake Huron – has been shrinking. This 
summer, the eastern lobe of the remnant lake completely dried up for the first time in modern history.
While the diversion of river water is the main culprit behind the gradual but persistent disappearance of the lake, a 
drought in the area finally finished off the disappearing act of one of the lake’s remnants, said            Mathew 
Barlow, an associate professor at the University of Massachusetts, Lowell, who studies the region’s climate.
Source: NASA Earth Observatory
The Aral Sea, situated between Kazakhstan and Uzbekistan, is fed by the Amu Darya and the Syr Darya rivers. 
The water in those rivers is in turn supplied by snows that fall in the winter months in the Pamir and Tien Shen 
Mountains.
“That region really only gets winter precipitation,” Barlow said.
The rivers were diverted by the USSR to provide irrigation for water intensive agriculture like cotton and wheat in 
what is naturally an arid climate, which also ensured much of that diverted water was lost to evaporation. By 1960, 
the lake was already starting to shrink, and by 2010, its surface area had decreased by 88 per cent and it’s volume 
by 92 per cent.
Figure 1: The Aral Sea as it appeared on Aug. 19, 2014, after its southeastern lobe dried up completely for the first 
time in modern history. The image was taken by NASA's Terra satellite.
Source: NASA
“It’s been exponentially decreasing,” Barlow said.
Page 2 of 2
Is climate change finishing off the Aral Sea?
 
As the lake shrank, it separated into a series of smaller lakes, first into a north and south basin, and then into ever-
smaller segments. It also became more susceptible to the vicissitudes of climate, like the drought that hit the 
mountains last winter.
“Only recently has it gotten small enough that year-to-year variations in drought have gotten visible,” Barlow told 
Climate Central.
While some recent years were wet enough to allow a slight expansion of the eastern lobe of the south basin, the 
lack of snows last winter and already diminished nature of the basin set it up to dry out completely.
The basin is “basically desert now,” Barlow said. What were once islands in the middle of the lake are islands no 
longer. The barren sight was caught by NASA’s Terra satellite orbiting overhead.
Barlow and his colleagues are looking into what larger climate forces are behind the drought. He said the drought is 
actually part of a larger regional pattern of drought in the Middle East and Central Asia in recent years, and could 
potentially be connected to factors like El Niño and other similar climate patterns.
“We’re interested in how that all hangs together,” he said.
Figure 3: The Aral Sea as it looked in 1964, before diversions of its two main tributaries for irrigation had caused 
the lake to significantly shrink.
Source: NASA/USGS/U.S. Air Force
Whether this drought will continue is unclear. If the El Niño that is struggling to develop finally emerges in full force 
this winter, Barlow said he would expect it to be a wet season for the region. If the drought continues, some of the 
small areas of water left could shrink further, though Barlow said he could only speculate on what would happen.
The continued desiccation of the lake has had a significant impact on the climate of neighboring countries. Once a 
feature that moderated the area’s climate, the diminished lake now provides an ample source of salt and dust that 
frequently blows onto surrounding lands, and allows for much wider summer-to-winter temperature extremes.
Though Barlow has studied the area for several years, the scale of change at the Aral Sea still impresses him –
 “just the fact that humans have managed to drain the fourth largest lake in the world,” he said.
Originally published by Climate Central. Reproduced with permission. 
Load-Date: October 9, 2014",N,Y,0.9845754,false_positive
SALW_1782,"Jan 11, 2019( Mongabay News: http://news.mongabay.com Delivered by Newstex)  Last month, indigenous Karen communities, the Salween Peace Park Committee, and the Karen Environmental and Social Action Network (KESAN) officially launched the Salween Peace Park in the Mutraw District of Myanmar's Kayin State. A three-day event in mid-December 2018 that featured traditional Karen ceremonies and performances was held to mark the ratification of Salween Peace Park's charter, which was developed by Karen communities to embody their 'aspirations for genuine peace and self-determination, environmental integrity and cultural preservation,' according to a statement. The Salween Peace Park encompasses 5,485 square kilometers (nearly 1.4 million acres) of the Salween River Basin, including more than 340 villages, 139 demarcated Kaw, 27 community forests, four forest reserves, and three wildlife sanctuaries.Last month, indigenous Karen communities, the Salween Peace Park Committee, and the Karen Environmental and Social Action Network (KESAN) officially launched the Salween Peace Park[1] in the Mutraw District of Myanmar's Kayin State. A three-day event in mid-December 2018 that featured traditional Karen ceremonies and performances was held to mark the ratification of Salween Peace Park's charter, which was developed by Karen communities to embody their 'aspirations for genuine peace and self-determination, environmental integrity and cultural preservation,' according to a statement. 
The event also included a memorial service for indigenous leader and environmental activist Saw O Moo, a fierce advocate for the Salween Peace Park who was killed by members of the Myanmar military last year[2].The launch event for the Salween Peace Park featured traditional Karen ceremonies and performances as well as discussions about Karen culture and sustainable livelihoods. Photo Credit: KESAN.The Salween Peace Park is the result of several decades'-worth of grassroots efforts such as the establishment of community forests, the enforcement of fish conservation zones, and the demarcation of 'Kaw,' or traditional indigenous lands. The park initiative was spearheaded by local communities, Karen civil society groups, and Mutraw District leaders in order to protect these community-based efforts as well as 'to demonstrate what truly good governance could be and provide a people-centered alternative to top-down, militarized development,' according to a brief on the Salween Peace Park Charter circulated by KESAN. In particular, the park was created as an alternative to allowing the construction of hydroelectric dams and mining[3] in the Salween River Basin. 'The Salween Peace Park initiative works for the purpose of bringing peace, freedom and security to the area,' Padoh Ten Der, chairman of Mutraw District, said in a statement. 'This is the land of Mutraw Indigenous Karen people. To preserve and protect our existing ancestral land, environment and culture, we established the Salween Peace Park initiative.'[embedded content]The Salween Peace Park encompasses 5,485 square kilometers (nearly 1.4 million acres) of the Salween River Basin, including more than 340 villages, 139 demarcated Kaw, 27 community forests, four forest reserves, and three wildlife sanctuaries. The Salween River, also known as the Thanlwin River and the NuRiver, is important to the cultures and livelihoods of a number of indigenous and ethnic groups in China, Myanmar, and Thailand. Though the region has been subject to decades of conflict between Karen peoples and the Myanmar military, the Salween River Basin in Kayin State is considered one of the most biodiverse areas in the Asia-Pacific region[4], harboring species from the Asiatic black bear and the sun bear to the eastern hoolock gibbon and the Sunda pangolin. A growing body of research has consistently shown that recognizing the claims of indigenous peoples to their traditional territories is one of the most effective ways to protect forests and biodiversity[5]. A 2018 study[6] found that indigenous peoples either own, use, or manage some 38 million square kilometers (nearly 9.4 billion acres) — more than one-fourth of the world's land surface — and that two-thirds of that land is in a 'natural' state[7], which means there are twice as many unspoiled areas in those indigenous-controlled territories as can be found on other lands.The Salween River forms the boundary between Myanmar and Thailand. Myanmar is on the left bank. Photo via Wikimedia Commons[8], licensed under CC BY-SA 3.0[9].CITATION • Garnett, S. T. et al. (2018). A spatial overview of the global importance of Indigenous lands for conservation. Nature Sustainability. doi:10.1038/s41893-018-0100-6[10]Community Forests[11], Community-based Conservation[12], Conflict[13], Conservation[14], Environment[15], Indigenous Communities[16], Indigenous Peoples[17], Indigenous Reserves[18], Indigenous Rights[19], Parks[20], Social Conflict[21] [ 1]: http://www.kesan.asia/index.php/programs/salween-peace-park-initiative [ 2]:            https://news.mongabay.com/2018/04/indigenous-environmental-activist-killed-in-myanmar/ [ 3]:            https://www.iccaconsortium.org/index.php/2017/04/14/the-salween-peace-park-a-place-for-all-living-things-to-share-peacefully/ [ 4]:            https://news.mongabay.com/2016/12/karen-people-call-for-a-peace-park-instead-of-big-hydropower-in-their-homeland/ [ 5]:            https://news.mongabay.com/2018/07/investing-in-indigenous-communities-most-efficient-way-to-protect-forests-report-finds/ [ 6]:            https://doi.org/10.1038/s41893-018-0100-6 [ 7]:            https://news.mongabay.com/2018/07/indigenous-peoples-control-one-quarter-of-worlds-land-surface-two-thirds-of-that-land-is-essentially-natural/ [ 8]:            https://en.wikipedia.org/wiki/Salween_River#/media/File:Salawin_river_at_Mae_Sam_Laep.jpg [ 9]:            https://creativecommons.org/licenses/by-sa/3.0 [ 10]:            https://doi.org/10.1038/s41893-018-0100-6 [ 11]:            https://news.mongabay.com/list/community-forests/ [ 12]:            https://news.mongabay.com/list/community-based-conservation/ [ 13]:            https://news.mongabay.com/list/conflict/ [ 14]:            https://news.mongabay.com/list/conservation/ [ 15]:            https://news.mongabay.com/list/environment/ [ 16]:            https://news.mongabay.com/list/indigenous-communities/ [ 17]:            https://news.mongabay.com/list/indigenous-peoples/ [ 18]:            https://news.mongabay.com/list/indigenous-reserves/ [ 19]:            https://news.mongabay.com/list/indigenous-rights/ [ 20]:            https://news.mongabay.com/list/parks/ [ 21]:            https://news.mongabay.com/list/social-conflict/ 

Load-Date: January 12, 2019",N,Y,0.6022955,false_positive
JORD_65730,"Green Prophet goes on another water trip with Friends of the Earth and guests from Sri Lanka. 
""Even sewage has a national flag,"" said Gidon Bromberg, co-director and co-founder of Eco-Peace/Friends of the Earth Middle East (FoEME). Israel Director of the organization for 18 years, Bromberg says he's seen how natural resources, like water, and even human waste, have become political tools in the Middle East regional conflict. A sewage treatment plant that was built for West Jerusalem, for example, does not treat the sewage from East Jerusalem. His goal: to use these very environmental tools to instead find common goals and connection and to build peace.
With water being one of the central environmental issues that the Middle East faces, Bromberg has also created Good Water Neighbors, a project of FoEME that focuses on shared use and protection of local water resources, like the Sea of Galilee, the Jordan River, and the Dead Sea.
Besides lobbying the government of Israel, Palestine and Jordan to stop diverting freshwater from the Galilee and to stop letting sewage spew into the Jordan River, the organization has built an environmental education center in the West Bank village of Auja, run by a local University of Bethlehem graduate, Fadi Jueejat. There Palestinian students learn about recycling of grey water and water conservation in a colorful center surrounded by a playground, benches made of recycled materials and old tires and an organic vegetable and herb garden.
The organization has gained international recognition for being an eco-peace project that uses water pollution issues to bridge national and religous divides. This Sunday, Good Water Neighbors hosted Dr. Vinya Ariyaratne, General Secretary of Sarvodaya, a Sri Lankan non-profit that is working to rebuild the war-torn North and East regions of Sri Lanka. The trip was funded by Tag, an international development non-profit that has helped Sarvodaya build an ecological education center very similar to the one in Auja.
""Any environmental hazard will eventually get to the groundwater,"" said educator Gilat Partana to the assembled group on Sunday, which included Ariyaratne, his wife, son, daughter, and mother-in-law. Partana is an educator that directs Good Water Neighbors' educational program in West Jerusalem. She, along with a counterpart in Jordan and in Palestine, has created a curriculum that encourages students to act like detectives and directly explore the water problems in their region, using some of the latest technology to map out environmental hazards and find their coordinates with a GIS system.
The children from East and West Jerusalem are then encouraged to meet one another, comparing the maps they've created and discussing together the joint environmental hazards.
""Maybe water and environment is just an excuse for breaking stereotypes,"" she said. ""Afterwards they are on facebook together.""
She explained that a third of Jerusalem's sewage, mostly from the Eastern part, flows directly into the nearby valley where it is building up untreated and slowly contaminating the local ecosystem. Without coooperation from the Palestinian leadership, not much can be done.
New playground in Auja
But with a heated Israeli-Palestinian conflict raging, issues of water and sewage often take a backseat, something Good Water Neighbors is fighting to change. In the current status quo, Israel takes 80% of the country's freshwater, while only 20% flows to Palestine, accoding to Bromberg. Those numbers were decided in a temporary fashion at the Oslo Accords over 15 years ago, with the expectation that the figures would be renegotiated and Palestinians would eventually receive a modern water system like Israelis have. But when Oslo fell through, the numbers stayed put, something that is ""shooting the interests of both people in the foot,"" Bromberg said.
Currently, all West Bank water projects need approval from a joint Israeli-Palestinian water authority, but Bromberg is hoping to change that, claiming that any bilateral agreement could not possible by fair with one of the countries occupying the other. His organization has proposed a new accord that seeks to solve the water crisis even before a political agreement is reached. It includes a proposal for third-party oversight and other best practices that have been developed over the yers by neighboring countries around the world that have shared water resources.
Good Water Neighbors is currently active in 11 different Palestinian communities and is mostly receiving international funding. Local governments have been slow to fund the effort or to respond to its calls-although Israel did agree to stop letting sewage flow into the Jordan, an effort that should have the river (an increasingly important tourist attraction for religious Christians wishing to be baptized where Jesus was) cleaner over the coming years.
""It's really exciting that these years of effort have really produced international interest in the work we've done,"" Bromberg said.
All images credited to Adam Masser.

Load-Date: April 24, 2012",N,Y,0.6526843,false_positive
LKCH_840,"The project includes the following components: a) rehabilitation of the hydroelectric Lagdo located in the northern part of Cameroon to increase production, and B) Construction of a first section of transmission line power HT and associated works between the city of Maroua in Cameroon and N%Djamena in Chad (250 km) to evacuate power to Ndjamena. C) Construction of the junction line HT transmission and associated facilities between the town of Maroua and Ngaoundere (414 km) to allow Chad to convey a portion of the energy from the hydroelectric power Warak located south of the Adamawa when it is commissioned. D) Construction of the hydropower plant at Warak Bini, E) Construction and Expansion of MV / LV networks, connections and public lighting; F) Measures to mitigate environmental and social impacts; F) Completion of preliminary design studies Detailed studies and environmental impact of hydroelectric power to Warak Bini and lines. G) Administration and Project Management. 
The project%s specific objective is to ensure balance between supply and demand of electricity in Cameroon and Chad and to provide access to electricity for people in the project area in a subregional context. 
Reference: P-Z1-028-FA0 
Appraisal Date: 15/06/2011 
Board Presentation: 15/11/2011 
Status: Pipeline 
Implementing Agency: SECRETARIAT GENERAL ECCAS 
Country: Multinational 
Location: Territories of Cameroon and Chad 
Sector: Energy  Power 
Estimated Project Cost : UAC 277,400,000

country :Gabon
Ltd.

Load-Date: June 10, 2011",N,Y,0.7126323,false_positive
,"June 06, 2016 Industrial dischargers from a wide range of sectors are calling for EPA to clarify that fish tissue values in its pending final selenium water quality criteria are intended to take priority for regulatory purposes over water column values, urging the agency to include the clarification in planned draft guidance on implementing the criteria.
""We've had productive discussions with EPA about those issues,"" one industry official says of the upcoming implementation guide. ""They [EPA] need to think through these implementation issues very carefully.""
Industry last fall asked EPA to develop draft implementation guidance and take public comment before finalizing the selenium criteria, but the agency has indicated it intends to issue both at the same time, the source says.
The agency has previously said it plans to issue the final criteria some time this spring, which ends June 21, and a second industry source says, ""latest I know is that we will see the final criterion some time this summer.""
EPA took comment on the latest draft version of its criteria, which revised earlier versions from 2014 and 2004, through Oct. 30. In a related support document it said ""addressing all of the issues mentioned (as well as others) in its development of technical support documents that will aid in the implementation of the selenium criteria.""
The agency is in the process of updating its national recommended chronic aquatic life criteria for selenium in freshwater to reflect the latest scientific information. The agency says the data support adoption of fish tissue values because data indicates that selenium toxicity to aquatic life is primarily driven by organisms consuming selenium-contaminated food rather than by being directly exposed to selenium dissolved in water.
Under the Clean Water Act, EPA adopts risk-based water quality criteria that set a safe concentration level for contaminants in water to protect human health and aquatic life. States then craft their own enforceable water quality standards (WQS) and other regulatory limits based on the criteria, though regulators can, with the agency's eventual approval, modify the criteria or adopt other measures using scientifically defensible methods.
The agency's current selenium criteria, adopted in 1987, set traditional water column concentration values of 5 micrograms per Liter (ug/L) for chronic exposures and 20 ug/L for acute exposures.
Industries including the coal sector, state regulators, and many others, and state regulators have long urged EPA to adopt fish-tissue based measures, arguing they better account for site-specific conditions. In 2004, the Bush EPA proposed a new approach, setting a criteria based on fish-tissue levels of 7.91 ug/gram/ dry weight, but it was eventually shelved due to criticisms from environmentalists and the Fish & Wildlife Service (FWS).
The latest draft of the criteria revises a 2014 proposal that was based solely on fish tissue, but environmentalists raised concerns that the fish tissue numbers are difficult to enforce. The new draft allows for limits based on water column values in ""fishless"" waterbodies or those where selenium discharges have recently increased.
The revised draft criteria includes new fish egg/ovary values of 15.8 milligrams per kilogram (mg/kg) of bodyweight and 8 mg/kg for whole body fish tissue or 11.3 mg/kg for muscle. The agency's earlier 2014 criteria would have set values of 15.2 mg/kg for egg/ovaries and 8.1 mg/kg for whole body fish tissue or 11.8 mg/kg for muscle tissue.
The water column values for the revised criteria are 1.2 micrograms per Liter (ug/L) for lentic aquatic systems, or standing water, and 3.1 ug/L for lotic, or flowing, waters, compared to the 2014 draft criteria of 1.3 ug/L for lentic systems and 4.8 ug/L for lotic systems.
Revised Criteria
The agency's revised criteria is slightly more conservative for some values, such as the chronic water column criteria and slightly less stringent in others, such as the concentration for selenium in fish eggs or ovaries.
But the agency outlined two specific cases in which the water column numbers should be used. The new draft criteria would allow the water column values, which are based on dissolved total selenium, to ""have primacy over fish tissue values under two circumstances: fishless waters where fish have been extirpated or where physical habitat or flow regime cannot sustain fish,"" and ""New or increased inputs of selenium until equilibrium is reached.""
The new conditions are a change from the earlier draft criteria, which said only that fish tissue elements be given precedence over the water column elements when both types of data are available.
""The biggest issue is probably that the critical thing is that the fish tissue number be the key number, and that other column information is of a lower priority,"" the first industry official says.
Industry is urging EPA to clarify that if fish tissue values are obtained, ""then you're done, its OK, that egg/ ovary numbers are the critical test,"" the source says.
EPA says in the draft criteria that protective WQS should adopt all four values, but that the fish tissue criteria ""overrides"" water column or whole body or muscle values when all types of data are measured, ""except in certain situations,"" such as ""fishless"" waters or where discharges have recently increased.
The industry source says the language in the draft document is ""ambiguous"" and that EPA ""needs to be really clear about that, they can't be fuzzy on that. . . . It's a straightforward idea, and I think the agency gets it, but the statements have not been clear."" -- Bridget DiCosmo (bdicosmo@iwpnews.com)

Load-Date: June 8, 2016",N,Y,0.59643316,false_positive
JORD_63441,"Israel's Energy Minister, Yisrael Katz, was in Abu Dhabi on Monday discussing ""optimal ways"" to advance the UAE-brokered water-for-electricity project between Israel and Jordan with his counterparts.
""The sides discussed the optimal ways to advance the final stages of the regional Prosperity Initiative,"" a release said. As per the plan, Israel will sell Jordan 200 million cubic meters of desalinated water annually in exchange for purchasing green electricity from a UAE-built solar field in Jordan.
Katz, slated to become foreign minister within the year, is the first Israeli minister to visit the UAE since the Netanyahu government came to power in December.

As per a revised memorandum of understanding inked by the three nations in the previous November at the United Nations Climate Change Conference in Sharm El-Sheikh, concrete advancements must be achieved by the upcoming COP28 conference scheduled for November in Dubai.
At COP28, Israel, the UAE, Jordan and the US are expected to sign a binding agreement. The release said the final details of that agreement were decided on at the meeting.
 Energy Minister Yisrael Katz and Prime Minister's Office Director-General Yossi Shelley in the UAE on August 14, 2023. (credit: Oded Karni (GPO))
The MOU was based on a proposal by the NGO EcoPeace.
Who attended the meeting?
The meeting was attended by Katz, Prime Minister's Office Director-General Yossi Shelley, UAE Minister of Industry and Advanced Technology Dr. Sultan bin Ahmed Al Jaber, Jordanian Minister of Energy and Natural Resources Dr. Saleh A. Al-Kharabsheh, Jordanian Minister of Water and Irrigation Muhammad Jamil Musa Al-Najjar, Jordanian Minister of Environment Muawieh Khalid Radaideh and US Senior Advisor in the Office of the Special Presidential Envoy for Climate David Livingston.
Others present included Energy and Infrastructure Ministry Director General Kobi Blitstein, Energy and Infrastructure Ministry Deputy Director General Barak Naftali, Israeli Ambassador to the UAE Amir Shavit, Water Authority Director Yechezkel Lifshitz, Prosperity Agreements Project Director Brig.-Gen. (Ret.) Asher Ben-Lulu and Masdar CEO Mohamed Jameel Al Ramahi.

Load-Date: August 15, 2023",N,Y,0.89912134,false_positive
JORD_71137,"Aqaba, February 21, 2025, SPA -- Minister of Environment, Water and Agriculture Abdulrahman Alfadley held bilateral meetings with environment ministers and officials during the 21st ministerial council of the Regional Organization for the Conservation of the Environment of the Red Sea and Gulf of Aden (PERSGA), hosted by Jordan in Aqaba. Minister Alfadley met with Jordanian Minister of Environment Dr. Muawiya Radaideh to discuss cooperation on shared environmental issues, particularly marine conservation. He also spoke with Egyptian Environment Minister Dr. Yasmine Fouad on the same topic. During the PERSGA meeting, Saudi Arabia signed a protocol for regional cooperation in fisheries management and marine aquaculture in the Red Sea and Gulf of Aden, reinforcing regional collaboration on marine environmental challenges and resource preservation. -- SPA 23:37 Local Time 20:37 GMT 0043
Link to Image

Load-Date: February 21, 2025",N,Y,0.8193158,false_positive
AMUR_2933,"Aug. 4 -- RusHydro issued the following news release:
Located in the Amur Region, the Zeyskaya and Bureyskaya HPPs RusHydro continue to protect settlements and infrastructure in the region from flood peaks, smoothing out the consequences of heavy rains. Both stations pass significantly less water through their structures than enters their reservoirs. Hydroelectric power plants strictly follow the instructions of the Federal Agency for Water Resources, which, in accordance with the Water Code of the Russian Federation, establishes the operating modes of reservoirs, including during floods.
RusHydro claims that the information that appeared in a number of Far Eastern media that water discharges from the Zeyskaya and Bureyskaya HPPs are the main cause of flooding of settlements and infrastructure facilities downstream does not correspond to reality. All negative phenomena reported in the media occur on unregulated rivers, the water level in which does not depend on the operating mode of the hydroelectric power station. It is important to note that 60% of the Amur river basin runoff is formed from the unregulated waters of the Upper and Middle Amur, Ussuri, as well as the partially regulated waters of the Chinese Songhua River.
RusHydro maintains continuous contact with the EMERCOM of Russia, the Federal Agency for Water Resources, Roshydromet and regional authorities, informs all stakeholders and the public on a daily basis about the operating modes of the Zeyskaya and Bureyskaya HPPs.
This year, since the beginning of rainfall floods, the Bureyskaya HPP has already detained more than 10 billion tons of water in its reservoir. As of today, with an inflow of water into the Bureyskoye reservoir of 8,700 m3 / s, the flow through the station's facilities is only 6,552 m3 / s. The water level in the reservoir is at around 255.69 m, having risen by 0.25 m per day, while the free capacity of the reservoir is practically exhausted due to the abnormal influx of rainwater.
On July 30, the water level in the Zeya reservoir reached a mark of 317.5 m. In accordance with the instructions of Rosvodresursy, the gates of the spillway were partially opened at the Zeya HPP. With an inflow of 5,730 m3 / s, the water discharge through the station is only 3,395 m3 / s. Today, the water level in the Zeya reservoir is 318.13 m, during the day it increased by 0.11 m.
In the flood season of 2021, the inflow of water into the Zeya reservoir was the highest in the entire history of observations. According to calculations by hydrologists, this happens less than once every 100 years. Since the beginning of the flood, the Zeyskaya hydroelectric power station has retained more than 19 billion tons of water in its reservoir. At the same time, at present, the station retains the ability to smooth out flood peaks, the station's reservoir is capable of receiving more than 3 billion tons of water.
Despite the difficult flood situation, the Zeyskaya and Bureyskaya HPPs continue to supply consumers with electricity without interruption, avoiding a shortage of electricity in the energy system of the Far East.
Disclaimer: The Above Content is Auto-Translated
Source: RusHydro

Load-Date: August 5, 2021",N,Y,0.69014156,false_positive
ARAL_14337,"Water is one of the most importance resources of Asia shrinking irreversibly due to climate change, President Sadyr Japarov said Jul 21 at the fourth consultative meeting of the Central Asian leaders in Cholpon-Ata town. ""The current water management tools no longer meet the realities of the time and needs of the Central Asian countries. Namely, Kyrgyzstan does not receive yet due compensation from the conservation and accumulation of water resources,"" he said. President proposed to develop new conditions for water use, in which upstream countries would have the opportunity and interest to accumulate water resources for irrigation in the growing season regardless of water availability, including during low-water periods, he said. Kyrgyzstan also stands for renewal of the cooperation in the framework of the 1998 Naryn-Syrdarya River Water and Energy Resources Agreement between Kyrgyzstan, Kazakhstan, Uzbekistan and Tajikistan aimed at balanced water and energy swap. He welcomed investments by Uzbekistan and Kazakhstan in hydropower projects in Kyrgyzstan. ""The accident in early 2022 showed the vulnerability of the Central Asian power system,"" he said. 

Load-Date: July 21, 2022",N,Y,0.9763105,false_positive
ARAL_931,"When Abdullo Bobokhonov's grandson was born in this Tajik village, he named the baby after a government-
ordered hydroelectric dam and raised a small fortune to help fund it.
In the capital, Dushanbe, law student Alyona Arkhipova complains she was told she couldn't sit her exams unless 
she bought a share in the project.
One brims with pride while the other grumbles two conflicting attitudes toward a $1.4 billion fundraising drive for a 
dam which the government touts as a cure for Tajikistan's economic woes and energy gap, and which critics fear 
will bleed Central Asia's poorest country dry.
The fundraising is driven by a propaganda offensive that harks back to when Tajikistan and four other Central Asian 
republics were part of the Soviet Union. And although there is some dissent, a visit to the former Soviet republic 
leaves the impression even factoring in a possible fear of speaking openly of a striking degree of acceptance and 
even enthusiasm for the Roghun dam.
""This is the project of the century. When this plant begins operating, all of Tajikistan's economic and political 
problems will be solved,"" said Bobokhonov, a 59-year-old lawyer who, as family patriarch, got to choose the 
grandson's name Roghunshoh, or King Roghun.
The family, which lives in a humble and tidy homestead in this tiny village in northern Tajikistan, also raised almost 
$1,200 for the dam.
The history of the Soviet Union was littered with similar grandiose projects aimed at bending nature to man's will. 
Now, 20 years after Tajikistan became independent, Roghun is held up as an object of national pride and a 
generation-defining path to a better future.
But the campaign compels Tajiks to spend meager savings on shares in Roghun at $23 each a third of the average 
monthly salary and many, like the Bobokhonovs, are buying multiple shares. This raises concerns that the 
government's efforts could shatter livelihoods and stifle the country's anemic economy.
It has also provoked rage in neighboring Uzbekistan, which fears the dam on the Vakhsh River could reduce the 
flow of water to its farmers.
Page 2 of 3
Tajiks sink money into Soviet-style dam project
 
That's unlikely to bother many Tajiks. They tend to scorn objections from energy-rich Uzbekistan, which has 
repeatedly cut off natural gas supplies to Tajikistan over delayed payments during freezing winter months.
The capital's main streets are adorned with banners and placards trumpeting Roghun. State television, which Tajiks 
rely on for news, devotes entire chunks of prime time to updates on the progress of the share sale. Countless 
billboards feature a hardhat-wearing Emomali Rakhmon, Tajikistan's iron-fisted president since 1992.
Rakhmon vows that all investors in government-issued Roghun stock will get their money back and more. There are 
hopes of selling surplus power to Afghanistan and Pakistan, but some worry that once electricity grids are laid out, 
they could be prey to militants in those countries.
It is far from clear when the dam will be completed, and the government has made only the vaguest promises about 
when its electricity will reach households or when it might generate profits.
The dam is expected to cost $2.2 billion and is designed to include six generating units with a capacity of 600 
megawatts each. Around $175 million had been raised from the share sale by mid-March, which comes on top of 
the $120 million the government invested last year, but the project is still far short of the $600 million that Rakhmon 
says will be needed to complete the first phase by 2012.
There is no foreign investment in sight, and the World Bank is noncommittal, saying it will take around two years to 
study the dam's technical feasibility and environmental impact.
The government insists that buying shares is completely voluntary, but Arkhipova, studying law at the Tajik-Russian 
Slavic University, tells a different story.
""When the university term started, people in our class who didn't buy shares were quite simply denied the right to sit 
their exams,"" said Arkhipova, 23.
""I wanted to avoid the same happening to me and I just wanted to do my test as normal, so I bought a share,"" she 
said.
Low-ranking state workers have had portions of their salaries withheld to buy shares, and there have been media 
reports of some villagers being forced to sell cattle to raise money.
""People talk about these things between themselves at the workplace, but they do not go to prosecutors out of fear 
of getting into trouble,"" said Sergei Romanov, a lawyer with the Dushanbe-based Bureau on Human Rights and the 
Rule of Law.
Authorities promise the hydroelectric plant will bring an end to Tajikistan's chronic electricity shortages.
The trauma of a blistering winter in 2007 is also still fresh in many minds, stirring support for the project. Frozen 
rivers reduced supply to the country's main hydroelectric plant, leaving many regions without power and forcing 
Tajiks to endure some of the coldest weather on record without resort to electricity heaters. Hundreds of people 
died many of them newborn babies in freezing maternity wards.
The Roghun project is meant in part to generate enough revenue to afford extra natural gas supplies when rivers 
freeze again.
It was designed to be world's largest dam when the project started in the mid-1970s, but it stalled as the Soviet 
Union collapsed, the economy went into chaos and a five-year civil war broke out.
More than half of Tajikistan's largely Muslim population of 7 million is officially classified as poor. According to the 
International Monetary Fund, the remittances from migrant workers that keep the country afloat plunged by one-
third last year. That and the fall in prices for the country's main export commodities aluminum and cotton caused 
economic growth to shrink fourfold to 2 percent in 2009.Page 3 of 3
Tajiks sink money into Soviet-style dam project
 
Economists believe the Roghun drive will only make matters worse in the immediate future.
""The equity campaign may temporarily dampen growth in 2010 by up to one percentage point, with households 
reducing consumption ... in order to purchase Roghun shares,"" the IMF said in a recent statement.
The Vakhsh begins in Tajikistan and flows into the Amu-Darya river, the key irrigation source for Uzbekistan's 
lucrative fruit, vegetable and cotton crops, and the neighbor's complaint is being heard loud and clear.
In a letter to his Tajik counterpart, Uzbek Prime Minister Shavkat Mirziyoyev complained last month that tampering 
with river flows could disrupt the region's ecological balance and threaten the survival of millions of people.
""The Tajik government has displayed complete disregard for our repeated statements on this issue, and it has 
continued to pursue construction of this facility without considering the possible consequences,"" Mirziyoyev said.
But Nasrullo Baimatov, a 56-year old invalid retiree in the northern Tajik city of Khujand, is unmoved.
""All this time, we have depended on Uzbekistan,"" he said. ""Once we build Roghun, we will rely on nobody.""
Load-Date: March 29, 2010",N,Y,0.98998636,false_positive
HLMD_6464,"<table><tr><td>By Zainullah Stanikzai on 17 April 2018</td></tr><tr><td>LASHKARGAH (Pajhwok): Surveys and design work for two major dams in insecure districts of southern Helmand province have been launched, the minister of energy and water said on Tuesday.Ali Ahmad Usmani, during his trip to Helmand province, said the design and surveys for the hydropower schemes had been undertaken in different parts of the country.""The Musa Qala and Nawzad dams are part of the design and survey process,"" he said, hoping with the construction of the hydropower dams, water shortage and power supply issues of the districts would be resolved and the agriculture sector strengthened.He said an agreement on adding four turbines to the Kajaki dam had been signed. Work on dealing with technical issues related to Helmand's Nahr-i-Saraj canal was underway, the minister announced.Governor Hayatullah Hayat said the dam surveys and design work in Musa Qala and Nawzad were being carried out in line with a presidential order. 
With the construction of the dams, he said, the water flowing into Iran would be harnessed.He claimed residents of the localities had pledged providing security for the hydropower projects. Most of Helmand's districts, including Musa Qala and Nawzad, have long been under Taliban control.nh/mud</td></tr></table>
http://imgs.syndigate.info/39/66/44/152397037146.jpg

Load-Date: April 17, 2018",N,Y,0.94815457,false_positive
,"The following information was released by the New York State Department of Environmental Conservation (DEC):
New York State Department of Environmental Conservation (DEC) Commissioner Pete Grannis today applauded a new agreement that will help protect fish from the stresses of high temperatures in the Delaware River Basin this summer by clearing the way for more cold water releases from the Cannonsville Reservoir. The agreement will also improve habitat by reducing unnatural fluctuations in reservoir releases.
Approved by New York, Delaware, New Jersey, Pennsylvania, and the City of New York, the accord calls for a substantial increase in the amount of cold water released to the West Branch of the Delaware River from the Cannonsville Reservoir compared to last year while continuing to provide that water releases be scaled back if drought conditions arise.
""The Delaware River Basin is a critical watershed that supports diverse wildlife habitat and a drinking water supply for millions of people,"" Commissioner Grannis said. ""The agreement furthers a critical balance I have directed my staff to pursue - safeguarding the water supply needs of residents, mitigating peak floods, and protecting critical fish habitat. We look forward to working with our Delaware River Basin partners on ways to continually enhance these important priorities.""
New York City's Cannonsville Reservoir is located on the West Branch of the Delaware River in Delaware County, New York. Placed into service in 1964, it is nearly 4,800 acres in size and holds 95.7 billion gallons at full capacity.
Cold water released from the reservoir bottom will help the renowned trout fishery by reducing thermal stress caused by summer's warmer temperatures. Absent prolonged drought conditions, the agreement increases base water releases by up to 25 percent over last year - to 325 cubic feet per second - for most of this summer. The agreement announced today will also help reduce unnaturally large and frequent river flow fluctuations - known as the ""yo-yo effect."" These fluctuations can occur as a result of reservoir releases being made to meet Delaware River flow objectives in downstream states -- but constantly rising and falling river levels can be detrimental to aquatic habitat.
In order to ensure protection of the public water supply, the reservoir releases will be reduced if drought conditions arise.
The modified agreement announced today is a result of the collaborative efforts of the responsible government agencies involved who adopted a comprehensive Flexible Flow Management Program (FFMP) in 2007 that governs Delaware River Basin reservoir diversions and releases under the terms of a 1954 U.S. Supreme Court Decree. Among other things, the FFMP is designed to provide safe and reliable supplies of water essential to serve the needs of over 17 million people who depend on water from the New York City's Cannonsville, Pepacton and Neversink Reservoirs and their tailwaters.
An advantage of the FFMP is the ability to adapt releases in response to new information and as scientific understanding improves. In cooperation with its partners, DEC will continue to actively promote an improved water release program through an adaptive management process that is based on ongoing monitoring and assessments.
The FFMP and its associated agreements may be accessed at the United Sates Geologic Survey Office of the Delaware River Master website, http://water.usgs.gov/osw/odrm/ .

Load-Date: June 4, 2009",N,Y,0.6317079,false_positive
JORD_42838,"Israel is massively exploiting  the resources in the Jordan Valley and the Dead Sea by allocating  excessive water resources to Jewish settlers in the West Bank, a  report by Israeli nonprofit organization B'tselem said Thursday. 
    The report, titled ""Dispossession and exploitation"", said that  ""Israel has taken over most of the water sources in the area,  allocating almost all derived water to settlements: 9,400 settlers  are allocated 45 million cubic-meter water a year from drillings,  from the Jordan River, from treated wastewater, and from  artificial water reservoirs."" 
    The amount equals to ""almost one third of the consumption of  the entire West Bank Palestinian population,"" according to the  report. 
    ""This report took six months of research and a lot of the  information we provide was given to us by the Civil  Administration, "" B'tselem spokeswoman Sarit Michail told Xinhua  on Thursday, ""and the core of the situation is that Israel  discriminates against the Palestinians on the water resources."" 
    In a joint effort with the Palestinian Water Authority,  researchers of B'tselem found that ""80 percent of all the joint  water resources go to Israel, and they clearly favor settlers in  the West Bank,"" Michail explained. 
    ""The settlers use the water to farm successfully while the  Palestinian farmers can only grow crops that aren't that  profitable because they don't get enough water to irrigate,"" she  added. 
    No local Israeli authorities or communities were available for  comments. 
    The report also pointed out that Israel is trying to annex  large swaths of lands by turning them into the state lands,  military firing zones or natural reserves, and controls 77 percent  of the land now. 
    ""In the last two years, the Civil Administration has repeatedly  demolished structures in Bedouin communities located in the  closed- off areas,"" the report said, ""even though some were  established before 1967. Municipal boundaries of settlements  cordon off 12 percent of the area, including the entire northern  shore of the Dead Sea."" 
    With the publication of this report, B'tselem expects the  Israeli authorities to evacuate the settlements in the area and  equally distribute the available water. 
    B'tselem, the Israeli Information Center for Human Rights in  the Occupied Territories, is an Israeli organization that aims to  ""document and educate the Israeli public and policymakers about  human rights violations in the occupied territories,"" according to  the organization's website.  

Load-Date: May 14, 2011",N,Y,0.9309621,false_positive
ARAL_3799,"GEF Project ID
10716
Country
Global
Implementing Agencies
United Nations Environment Programme
Approval FY
2022
Status
Project Approved
Region
Global
Executing Agencies
World Health Organization (WHO)
GEF Period
GEF - 7
Project Type
Full-size Project
Focal Areas
Chemicals and Waste
Funding Source
GEF Trust Fund
To eliminate uncontrolled releases of mercury from healthcare settings
Project completion date : 2024-12-31 12:00:00 
Major organization : WORLD HEALTH ORGANIZATION (WHO)
Address : Avenue Appia 20
1211 Geneva
Country :Switzerland
Financier : GLOBAL ENVIRONMENT FACILITY (GEF),UNITED NATIONS ENVIRONMENT PROGRAMME (UNEP),
Financier address : Global Environmental Facility (GEF)
1818 H Street, NW, MSN G6-602
Washington, DC 20433 USA
Tel: (202) 473-0508
Fax: (202) 522-3240/3245

Load-Date: November 25, 2022",N,Y,0.57128835,false_positive
SALW_1276,"Text of report in English by Thailand-based Myanmar publication Irrawaddy website on 18 August
Describing the potential for earthquakes, military conflict, displacement and damage to agriculture, 26 Shan civil society and environmental organisations have called for an immediate halt to major dam projects planned for construction on the Salween River.
The community demands were outlined in an open letter to State Counsellor Aung San Suu Kyi and delivered on Wednesday [18 August].
Suu Kyi is currently on a five-day state visit to China to discuss bilateral relations, and likely, planned China-backed hydropower initiatives in Burma.
The letter described how such hydropower dams on the Salween River would block water flow and create hardship for those who rely on the waterway, particularly for agriculture, in Burma, Thailand and China.
In Shan State alone, environmental rights groups estimate that 170 villages-with a population of over 10,000 people-would suffer displacement or damage to their farms due to the impact of damming the Salween.
""We urge the new government make these decisions very carefully, because, for us, the disadvantages of the dams are greater than the advantages,"" said Nang Kham Mai, the campaign coordinator with Action for Shan State Rivers, one of the organisations behind the letter to Suu Kyi.
The statement comes after the Burmese government confirmed plans on Friday to go ahead with the proposed Salween dam projects, those of which in Shan State are expected to collectively generate nearly 10,000 megawatts of electricity, but an estimated 90 per cent will be exported to neighbouring countries.
""Coming only weeks before the planned 21st Century Panglong Conference, this green light to the Salween dams is highly worrying,"" the letter stated, referring to the upcoming Union Peace Conference scheduled to begin on 31 August in Naypyidaw.
A ""unilateral decision"" on the part of the government to continue the construction of the dams is effectively ignoring local communities' right to determine the use of their own natural resources, the letter continued, describing the move as an unwelcome start to the upcoming peace conference.
The organisations also described how exported electric power obtained from the Salween dams would not address Burma's own energy needs, rendering the projects impractical for domestic communities.
""The government will merely distribute 10 per cent [of the electricity] to locals. So it is hard to say what the locals' benefits are,"" Kham Mai said.
Highlighting the decades-long conflict between the Burma Army and ethnic armed groups which has plagued the Salween River region, the letter's signatories warned that unpopular hydropower projects could exacerbate unrest in the area.
Between the Burma and ethnic Shan armies, ""territory designation [around the dam sites] could become a big problem,"" added Kham Mai.
Dam locations also coincide with an earthquake fault line. This alone, Kham Mai said, makes these projects ""too risky to construct.""
Stretching more than 1,700 miles, the Salween River is one of the world's longest waterways, flowing through Yunnan in China, and Shan, Karenni, Karen and Mon states in Burma.
Ethnic minority communities in eastern Burma have consistently objected to plans to build dams on the river, which are planned for Shan and Karen states, specifically.
""In the interests of ethnic reconciliation and environmental sustainability, we therefore strongly urge you to immediately cancel the Salween dams,"" the letter to Suu Kyi said.
Source: Irrawaddy website in English 18 Aug 16

Load-Date: August 19, 2016",N,Y,0.993807,false_positive
HLMD_6621,"Afghanistan, June 21 -- According to an official from the Ministry of Energy and Water, Afghanistan and Iran have resolved their water-sharing disagreement and struck an agreement on the Helmand water pact.
The Ministry of Energy and Water said that the water of the Helmand River will be shared with Iran this year, in accordance with the Helmand Water Treaty signed between the two countries in 1973.
The Helmand River has been the major focus of a developing dispute between Afghanistan and Iran regarding water rights and the construction of Kamal Khan dam.
The Iranian government claimed that damming the Helmand will harm the environment, particularly in Iran's water-stressed border region with Afghanistan.
The Afghan government, on the other hand, claimed that the dams are being built to maintain water security in accordance with the 1973 water treaty with Iran.
An official from the Ministry of Energy and Water said, ""The two sides called for the implementation of the treaty as the problem was within the area covered by the treaty.""
Kabul and Tehran agreed in 1973 to share water from the Helmand River at a rate of 26 cubic meters per second, or 850 million cubic meters per year.
The Ministry is also intending to resume construction of the Kamal Khan dam, in south-western Afghanistan, to regulate the Helmand River's water, according to the official.
Although Afghanistan is considered to be a ""self-sufficient"" country in terms of its waters, but the lack of water infrastructure has rendered Afghanistan to have ""one of the lowest levels of water storage capacity in the world.""
Saqalain Eqbal is an Online Editor for Khaama Press. He is a Law graduate from The American University of Afghanistan (AUAF).
View all posts
Published by HT Digital Content Services with permission from Khaama Press. For any query with respect to this article or any other content requirement, please contact Editor at contentservices@htlive.com

Load-Date: June 21, 2022",N,Y,0.9837225,false_positive
ARAL_4577,"The Research Institute of Environment and Nature Protection Technologies under the Ministry of Natural Resources of the Republic of Uzbekistan is implementing a new grant project in cooperation with the South Korean company ""Geostory"".
This project was funded by the South Korean Institute of Environmental Industry and Technology (KEITI). The project aims to establish a smart water pollution management system and an Environmental Monitoring Center in the Chirchik River basin.
The representatives of the ""Geostory"" company are currently in Uzbekistan. The purpose of the visit is to determine the priorities of cooperation in introducing an intelligent water resources management system and establishing an environmental monitoring centre. (Uzreport/Business World Magazine)

Load-Date: May 22, 2023",N,Y,0.97684664,false_positive
JORD_47541,"Link to Story
Ramallah, Sept. 19 (Petra) -- Israeli occupation forces on Thursday closed water supply holes feeding homes of Palestinian citizens in the village of Bardala in the occupied northern Jordan Valley.
The village council said in a statement that occupation forces raided the area and closed a number of water holes that feed the citizens, without mentioning the reasons.
RZ
19/09/2019 11:38:08
MENAFN1909201901170000ID1099024599

Load-Date: December 18, 2019",N,Y,0.9744348,false_positive
ARAL_13486,"European Council President Donald Tusk did a tour of three Central Asia countries last week, including Tajikistan, where the melting Pamir Glaciers illustrate the impact of climate change and the difficulties of water management in this part of the world.
Tusk visited Tajikistan on 30 May, Kazakhstan on 31 May and Uzbekistan on 1 June. The visit comes two weeks after the Commission tabled its new strategy for the region, setting out a fresh vision for a stronger partnership with the five countries of Central Asia: Kazakhstan, the Kyrgyzstan, Tajikistan; Turkmenistan and Uzbekistan.
An important element of this strategy, which is expected to be adopted at the ministerial level this month, is water resilience.
Central Asia is facing increasingly severe environmental challenges. The combined impact of climate change, which has started to reduce water flows by shrinking the glaciers that feed Central Asian rivers, and rapid population growth is likely to exacerbate some of the region's problems, with implications for economic development, security and migration.
The EU is offering help to the region to turn these challenges into opportunities.
Tusk is the first Council president to visit Tajikistan, a mountainous country bordering Afghanistan.
The Council president praised his host, the President of Tajikistan Emomali Rahmon, for his role in the political stabilisation of Tajikistan and the whole region. ""Because of geography, your efforts are much more important than only in this local, regional context. In fact, today, your efforts, your activities, impact also in a global context,"" Tusk stressed.
After a visit to Sarez lake, Tusk said he was impressed by the beauty but also by the visible impact of climate change.
""This is not only a major concern for your country, but for the region and the whole world. The EU remains committed to fighting climate change. And I am sure Tajikistan will be the best partner in this,"" the Council President said.
Tajikistan, just like Kyrgyzstan, is an ""upstream"" country, while Kazakhstan and Uzbekistan are ""downstream"" countries. Uzbekistan, Central Asia's most populous country, depends on the rivers that rise in Kyrgyzstan and Tajikistan to irrigate farmland.
Under the former leader of Uzbekistan, Islam Karimov, the Rogun dam in Tajikistan was seen almost as a ""casus belli"".
But under the new leader, Shavkat Mirziyoyev, regional cooperation in the region was resuscitated. In Tashkent, Tusk praised Mirziyoyev for playing ""a big role in the much-improved cooperation in the region"".
In Kazakhstan, which is preparing for a presidential election, Tusk discussed with the incumbent President Kassym-Jomart Tokayev the ongoing political transition, since the first Kazakh president, Nursultan Nazarbayev, stepped down last March.
The country has concluded with the EU an Enhanced Partnership and Cooperation Agreement, which is soon to be ratified by all EU member states and which the EU is already implementing.
""This is also a good basis to address regional challenges, like violent extremism or environmental issues"", Tusk said.
By Georgi Gotev for            EurActiv.

Load-Date: June 4, 2019",N,Y,0.5834407,false_positive
SALW_1290,"Ethnic Karenni, Shan and Mon environmental activists have voiced deep concern with the Burmese government's plan to press ahead with the construction of hydropower dams on the Salween river, claiming that the dams will destroy the livelihoods of their communities.
According to the Irrawaddy, their concern was raised at a press conference held in Rangoon on Wednesday. The environmental groups claimed that U Htein Lin, permanent secretary of the Ministry of Electricity and Energy said during a closed-door meeting in Naypyidaw in August that in order to fulfil Burma's energy needs, dam projects should go ahead on the Salween river.
Six dams are planned for the Salween river - for in Shan state in Kunlong, Nong Pha, Mongton and Manntaung, one in Yawthit in Karenni state and another in Hatgyi in Karen state.
Last month, the Shan state government ordered the suspension of the planned dam projects in the state, pending a government investigation. However, under Burma's largely centralized form of governance, the Shan state government does not have the authority to halt the dam projects.
China and Thailand are both interested in the Shan state's dam projects.
The undammed Salween river is one of the longest free-flowing rivers in the world, flowing from the Tibetan plateau through largely mountainous territory in China, Burma and Thailand, before draining into the Andaman Sea of Burma. Its basin is home of about 7 million people and extensive biodiversity. - Thai PBS

Load-Date: September 11, 2016",N,Y,0.993807,false_positive
ALSK_19121,"ST. JOHN'S, N.L. - Perhaps no one was more cautiously thrilled than Tom Marshall to hear Thursday that Canada's top court will review the long disputed Churchill Falls hydro deal - a case that could reap big money for a cash-strapped province.
The former premier of Newfoundland and Labrador was justice minister seven years ago when he read a collection of legal opinions. They offered hope that there might be a way to win one of the most bitter political feuds in the country: the fight over wildly lopsided benefits from the Churchill Falls hydroelectric dam and power station in Labrador.
Terms of the 65-year contract signed in 1969 have so far delivered about $27.5 billion for Hydro-Quebec versus $2 billion for Newfoundland and Labrador. 
If the Supreme Court of Canada rules the deal should be reopened, it could mean a massive windfall in a province that desperately needs one.
""We're not asking for the contract to be cancelled,"" Marshall said in an interview. ""We're asking the court to order Hydro-Quebec to renegotiate the contract with us and, if they don't, that the court itself establish a new contract.
""It would give us the fairness that the people of the province have always wanted.""
A spokesman for Hydro-Quebec said Thursday it's ""unfortunate that both parties are devoting so much energy to litigation rather than looking into more constructive avenues.""
""The courts have always found in favour of Hydro-Quebec with respect to its position to uphold the 1969 contract,"" Serge Abergel said in an emailed statement.
Under the deal, Hydro-Quebec agreed to buy almost all the energy generated by the hydroelectric plant it financed on the Churchill River in Labrador.
The contract set a fixed price for the energy that would decrease in stages over time.
At issue in this latest legal argument is whether Hydro-Quebec has a ""good faith"" obligation to take into account how electricity markets have changed since 1969, Marshall said.
""When you have long contracts, in many cases the circumstances that existed when you entered into them have changed, and changed substantially. That's what happened here.""
The case draws on legal opinions based on civil law in Germany and France, Marshall said.
""We all owe a duty, especially in long contracts, of good faith to each other - not only at the time we started, when we entered into it, but when we execute it over its long term.""
Still, Marshall is realistic about the prospects of the case. Various aspects of the contract have already been argued before the highest court on different legal principles, twice, without success.
""There's never a guarantee you're going to win, especially when a new law would have to be made here.""
This most recent court challenge began seven years ago.
Churchill Falls (Labrador) Corp. Ltd. - whose parent company is Crown corporation Nalcor Energy - went to Quebec Superior Court in 2010. It argued, without success, that profits of such magnitude from electricity were unforeseen in 1969 and that Hydro-Quebec had a duty to renegotiate the contract.
The Quebec Court of Appeal upheld the 2014 lower court ruling, agreeing the provincially owned power utility has no obligation to reopen the agreement.
Under the 1969 terms, Hydro-Quebec may purchase the electricity at low prices before reselling it at much higher values on the domestic market and for export.
The legal challenge said the contract was unfair and essentially broken by ""unpredictable events"" that have transformed energy sales.
But the five Quebec Court of Appeal judges rejected those arguments.
""It is inappropriate to re-examine the parties' circumstances when they signed the contract,"" they ruled. ""The uncontradicted evidence establishes that they knew that the price of hydroelectric power was subject to fluctuation but they voluntarily agreed to fix the price.""
The court also found the general principle of ""good faith,"" as found in Quebec's civil code, doesn't apply to Churchill Falls as the contract has remained ""profitable"" for Newfoundland.
Siobhan Coady, natural resources minister for Newfoundland and Labrador, welcomed news that the Supreme Court of Canada will take another look.
""That would be of tremendous financial benefit,"" she said of a potential win. Public spending soared during an offshore oil boom and the province has suffered punishing fiscal hits since prices dropped. It faces years of deficits and escalating net debt.
For now, Coady said the high court hearing, expected sometime in the next year, must play out.
""This has been a very long process.""
Follow @suebailey on Twitter.

Load-Date: April 23, 2017",N,Y,0.9429286,false_positive
ARAL_4133,"Link to Image
Link to Story
BAKU, Azerbaijan, May 19. Asian InfrastructureInvestment Bank (AIIB) is going to allocate a fund in the amount of$500 million for the construction of the Rogun hydroelectric powerplant (HPP) in Tajikistan, trend reports with reference to the press service ofthe Tajik president.The allocation of funds was announced by the president of(AIIB), Jin Liqun, at a meeting with the President of TajikistanEmomali Rahmon on May 17 in Beijing.
Following the meeting, the sides discussed further financing thedevelopment of green infrastructure in the transport, energy,housing, and communal services sectors.
The necessity to strengthen relations, attract more capital topriority projects for the development of infrastructure, industry,and private sector, increase economic activity, and supportentrepreneurship was emphasized.
The parties also touched upon the issues of financing projectsfor the processing of agricultural products and minerals,emphasizing that Tajikistan has opportunities and resources fortheir implementation.
At the meeting, the president of Tajikistan and the president ofAIIB also discussed climate change, the lack of drinking water, theimpact of these factors on the economies of countries and theinitiatives of Tajikistan on water and climate, and theconservation of glaciers.
Rogun HPP is under construction on the Vakhsh River in the PamirMountains in Tajikistan, with an estimated capacity of 3,780 mW. Itwill be the biggest hydropower station in the country. The powerplant is planned to achieve full operational capacity in 2028 andgenerate 13,300 GWh of electricity per year.
MENAFN19052023000187011040ID1106274856

Load-Date: August 5, 2023",N,Y,0.96538115,false_positive
ARAL_1319,"Uzbek delegation consisting of representatives of the Foreign Ministry, the Ministry of Agriculture and Water 
Resources and the Ecological Movement of Uzbekistan took part in a meeting of senior officials of Central Asia, 
organized by the UN Regional Centre for Preventive Diplomacy for Central Asia (UNRCCA) in the capital of Austria 
- Vienna.
The participants considered issues of interpretation and effective application of the basic principles of international 
law in the field of transboundary water resources management and discussed mechanisms of their implementation 
in order to strengthen further cooperation in the Aral Sea basin, the Uzbek Foreign Ministry's press service 
reported.
The event was also attended by representatives from Kazakhstan, Kyrgyzstan, Tajikistan, Turkmenistan, the 
Executive Board of the International Fund for Saving the Aral Sea, the World Bank, the Economic Commission for 
Europe of the United Nations, UNDP, UNRCCA, as well as experts and consultants in the field of transboundary 
water management.Copyright CA-NEWS.org, 2014 Provided by Syndigate.info, an Albawaba.com company
Load-Date: March 14, 2014",N,Y,0.99903023,false_positive
ARAL_14237,"ASHGABAT, Turkmenistan, Dec. 13
By Huseyn Hasanov - Trend:
The US Agency for International Development (USAID)'s Smart Waters program, implemented by Central Asia Regional Environmental Center (CAREC), in cooperation with the International Fund for Saving the Aral Sea (IFAS) handed over a $170,000 dredger to the State Committee on Water Management in Tashkopri, the south-east settlement of Mary province, Turkmenistan.
The dredger purchased by USAID will be used by Mary province water management authorities to clean up the Murgap river. It will help prevent flooding in the densely populated Mary province. It will also help prevent mud deposits in the Mary province's water reservoir.
The US Ambassador Matthew S. Klimow highlighted the Government of Turkmenistan's successful adoption of a new Water Code that facilitated the implementation of Integrated Water Resource Management, a holistic approach to water management including considerations of environmental and economic development impact.
This approach encourages the participation of people from local communities in implementing water management solutions. In his remarks, Ambassador Klimow highlighted that the dredger will contribute to the efficient management of water that will benefit over a million people residing in Mary province.
The USAID-funded Smart Waters project is a five-year program designed to help the five countries of Central Asia and Afghanistan deepen their technical skills in water management, facilitate community dialogue at transboundary rivers, and build a cadre of professionals, capable of managing shared water resources.

Load-Date: December 26, 2019",N,Y,0.9603612,false_positive
ARAL_15279,"An international conference ""Strengthening regional cooperation in the water sector in Central Asia"" was held on 25 May 2021. The event was organized by the International Institute of Central Asia in cooperation with the UNESCO Office in the Republic of Uzbekistan. The forum was attended by the UN Secretary General’s Special Representative for Central Asia, Head of the UN Regional Center for Preventive Diplomacy for Central Asia Natalia Gherman, Deputy Chairman of the Executive Committee of the International Fund for Saving the Aral Sea Khusniddin Sharofiddinov, UN Resident Coordinator in Uzbekistan Helena Fraser, Deputy Head of the OSCE Project Coordinator Office in Uzbekistan Hans-Ulrich Im, heads of diplomatic missions, management and representatives of relevant ministries, departments and analytical structures of Kazakhstan, Kyrgyzstan, Tajikistan, Turkmenistan and Uzbekistan. During the event, issues of strengthening regional dialogue and cooperation in the water-ecological sphere in Central Asia were discussed. Particular attention was paid to the adoption, on the initiative of the President of the Republic of Uzbekistan Shavkat Mirziyoyev, a special resolution of the UN General Assembly, declaring the Aral Sea region ""a zone of environmental innovations and technologies"". Opening the event, Director of the International Institute of Central Asia Anvar Nasirov noted that in recent years, fundamental positive changes have taken place in Central Asia, manifested in the progressive development of good-neighborly relations, multifaceted cooperation and strategic partnership. These dynamics also had a positive effect on the interaction of the states of the region on water issues, thereby creating the preconditions for mutually beneficial and fruitful cooperation in the long term. 
Today, all the countries of Central Asia already have cooperation mechanisms in a bilateral format, where current issues, future projects and promising areas of cooperation are discussed. Progress is also being seen at multilateral venues. After almost a ten-year break, in 2018, the city of Turkmenbashi hosted a summit of the heads of the founding states of the International Fund for Saving the Aral Sea. Following this summit, the Presidents expressed their readiness to further improve the organizational structure and legal framework of IFAS in order to create an effective mechanism capable of responding to new challenges, as well as to fully ensure mutually beneficial cooperation in the implementation of projects and programs aimed at improving the Aral Sea region and basin of the Aral Sea. Against the background of positive regional trends, the adoption by the UN General Assembly of a resolution declaring the Aral Sea region a ""zone of environmental innovations and technologies"" was a vivid confirmation of the importance the world community attaches to the implementation of joint measures to overcome the consequences of the Aral Sea crisis and stabilize the ecological situation in the region. It is noteworthy that the Aral Sea region became the first region to which the General Assembly granted such a status. The co-authors of the resolution initiated by the President of the Republic of Uzbekistan were over 50 states, including all the states of Central Asia - the strategic partners of our country - Kazakhstan, Kyrgyzstan, Tajikistan and Turkmenistan. This once again demonstrated the solidarity and unity of approaches of the Central Asian states in solving urgent issues common to all countries of the region. They expressed confidence that the international community will also support another initiative of Uzbekistan to declare the day of adoption of this important document - the International Day for the Protection and Restoration of Ecological Systems. It was noted that today there is no other alternative to solving water and environmental issues, except for finding a balance of interests and achieving a regional agreement, which is undoubtedly facilitated by the increasingly strengthening constructive dialogue of the Central Asian countries aimed at deepening cooperation between our fraternal countries and peoples, and also in strengthening the bonds of friendship and good neighborliness. The head of the UNESCO Office in Uzbekistan Yan Khladik congratulated the participants on the adoption, at the initiative of the President of the Republic of Uzbekistan Shavkat Mirziyoyev, of a special resolution of the UN General Assembly declaring the Aral Sea region ""a zone of environmental innovations and technologies"". In his opinion, the document will allow to consolidate efforts and ensure consistency of projects of specialized agencies, funds and programs of the UN system in support of the priorities of regional cooperation, integration and sustainable development. Speaking at the plenary session, the UN Secretary General’s Special Representative for Central Asia, Head of the UN Regional Center for Preventive Diplomacy for Central Asia Natalia Gherman also congratulated the audience on the unanimous adoption by the UN General Assembly of a special resolution on declaring the Aral Sea region a zone of environmental innovations and technologies. The question of finding and implementing new modern methods and approaches to solving the Aral Sea problem is more urgent than ever. Undoubtedly, the adoption of this resolution will contribute to the formation of the necessary conditions and incentives for attracting investments in the development and implementation of high-tech innovations, environmentally friendly, energy and water-saving technologies, and the integrated application of the principles of a ""green"" economy. It is necessary to build up research activities and prevent further desertification and ecological migration, develop ecotourism and implement other measures. Climate change issues remain one of the priorities of the UN. ""We intend to strengthen work in this direction in Central Asia, currently a new water project for the region for 2022-2025 is being prepared, which will include new priority areas for cooperation in the water sector."" Separately, the head of UNRCCA drew attention to the need to actively involve women in decision-making processes in the field of water use. In Central Asia, women are the main users of this precious resource. At the end of 2020, the Center launched a new regional initiative - the Platform for Dialogue between Women Leaders of the Five Countries of the Region and Afghanistan, which will work to empower women, responsible leaders, to ensure regional peace, security and sustainable development. According to the Deputy Chairman of the Executive Committee of the International Fund for Saving the Aral Sea Khusniddin Sharofiddinov, the dynamics of recent years shows the desire of the countries of the region for integration and a coordinated solution of existing issues in the water and energy sector. Undoubtedly, this will contribute to a more efficient management of available water and energy resources to ensure water security, economic growth, improve the well-being of the population and achieve sustainable development. In this context, the International Fund for Saving the Aral Sea is a unique organization uniting all five countries of the region. Despite the many difficulties of the transition period, IFAS was able to sustainably function and solve complex water and environmental issues in the region. The summit of the heads of states-founders of the IFAS held in Turkmenistan in 2018 for the first time in a long time confirmed the interest of all countries in the region in preserving and transforming the Fund, taking into account the current realities. Tajikistan, chairing the IFAS, takes all necessary measures aimed at increasing the authority and role of the Fund in matters of cooperation in the water-ecological sphere of the region. In this regard, the Fund is consistently working on its modernization and preparation for the next meeting of the Regional Working Group on the inventory of the legal framework and reform. UN Resident Coordinator in Uzbekistan Helena Fraser highly appreciated the adoption of the resolution by the UN General Assembly on the Aral Sea region. “The Aral Sea crisis is a really important model of what can go wrong. At the same time, we can look from a positive point of view on how to find a solution to the crisis, to move from tragedy to opportunities for cooperation and development. "" In this context, it is very important to hold such events, where partners can exchange views on pressing issues and work out consolidated solutions. H. Fraser also noted the UN’s readiness to provide all-round support to initiatives aimed at developing cooperation in Central Asia and regulating the use of transboundary water resources. Hans-Ulrich Im, Deputy Head of the Office of the OSCE Project Coordinator in Uzbekistan, thanked the organizers for the invitation and noted that water conservation and environmental protection are an integral part of the OSCE’s comprehensive approach to ensuring security, stability and peace. According to the foreign diplomat, regional cooperation is extremely important for ensuring sustainable development and turning Central Asia into a region of good-neighborliness, stability and prosperity. In this regard, the OSCE fully supports initiatives on environmental security and rational use of water and energy resources, expresses its readiness to consider further prospects for cooperation and provide all possible support for the successful achievement of joint goals. First Deputy Director of the Institute for Strategic and Interregional Studies under the President of the Republic of Uzbekistan Akram Nematov stressed that only through joint efforts based on the principles of integrated and integrated water resources management, the countries of the region can achieve concrete results. Significant events on this path were the plans announced at the highest level for the joint construction of two hydroelectric power plants by Uzbekistan and Tajikistan on the Zarafshan River. The Uzbek side expressed its readiness to comprehensively consider the possibility of participating in the construction of hydraulic structures in Tajikistan and Kyrgyzstan. Separately, the need to establish contacts with neighboring Afghanistan was noted. Kabul is interested in establishing contacts with Central Asian countries on water use issues. During his speech, Vice Minister of Ecology and Water Resources of Kazakhstan Serik Kozhaniyazov proposed to consolidate the commitment of the countries of the region to joint management of water resources, to determine the permanent location of IFAS, to solve the issue of automation of accounting for the use of water resources of the rivers in the region. In this regard, Kazakhstan is ready to take all the necessary measures for the full interaction of all Central Asian states within the framework of IFAS. The head of the water use department of the State Committee of Turkmenistan, Beigeldi Baydzhanov, noted that today the countries of the Central Asian region are faced with the need to find ways to minimize and, if possible, prevent water problems associated with a shortage and change in the water regime of water resources. According to him, the heads of states of Central Asia demonstrate the greatest political will and statesmanship in such a delicate and vital area as water relations, preserving the age-old traditions of friendship, mutual understanding, partnership direct this high potential to the creation and prosperity of the countries of the region. During the panel discussions, a thorough exchange of views took place on the approaches of the countries of the region to strengthening regional cooperation in the water sector, as well as on the state and prospects of IFAS activities. All the participants of the event agreed that in recent years there has been a significant breakthrough in regional cooperation in all areas, and water-ecological problems are no exception. At the end, the conference participants thanked the organizers of the event for providing a dialogue platform for discussing topical issues of water use in the context of climate change and its impact on Central Asia.  

Load-Date: June 16, 2021",N,Y,0.9026096,false_positive
JORD_46417,"JORDAN VALLEY, Friday, July 12, 2019 (WAFA) – Illegal Jewish settlers took over a number of water wells today in the northern Jordan Valley village of Kherbet Samra, according to local sources.
Aref Daraghmeh, a local activist who monitors settlement activities, told WAFA that settlers took over the water wells, which belong to local Bedouin herders, and used them to water their cattle.
Palestinian civilians and Bedouin herders in the Jordan Valley region, which makes up one third of the occupied West Bank, are frequently harassed by Jewish settlers who wish to take over the entire area and empty it of its Palestinian population.
M.N

Load-Date: July 12, 2019",N,Y,0.96538115,false_positive
CHIR_1902,"The comptroller general warned that the lack of maintenance to the hydraulic structures that make up the chira piura hydraulic system, such as the poechos reservoir and the daniel escobar and miguel checa diversion channels, could cause the deterioration of these constructions and affect the proper storage, conduction and distribution of water in the face of the emergency due to the water deficit that the region is facing.
According to the control visit report no. 038-2024-oci/0612-svc, the audit commission detected the exit of water from gates 1 and 2 of the daniel escobar canal intake, despite being closed, due to the wear of the seals that do not allow a hermetic closure to prioritize the supply of water resources to the curumuy treatment plant, from where water is collected to cover the demand of more than 575 thousand inhabitants of the districts of piura, castilla and veintiseis de octubre.
During the field visit, collapsed concrete slabs were found on the left bank of the aforementioned canal; sandbags had even been placed to prevent others from collapsing. added to this is the presence of excess material within the channel, the construction of artisanal dikes and expansion joints in poor condition.
Regarding the miguel checa canal, built before poechos, its waters flow over land and a large part of it filters along its route (more than 70 kilometers), which causes a significant loss of this vital resource; in addition, it is clogged with weeds, sacks and wood. at the beginning of the canal, near a hydroelectric plant, another water leak was seen, since the gates do not close hermetically either.
The situation is aggravated by the presence of motor pumps and other structures for the extraction of the little resource in the miguel checa canal, which causes a decrease in the flow destined for the population. this was verified at the querecotillo treatment plant, which had not received the liquid element for 20 days and, therefore, could not supply thousands of families in this district located in the province of sullana.
Sediments and outdated information
As for poechos, the presence of sediments, since its start-up (1976), has reduced its storage capacity. according to the study carried out in 2018, it can store up to 364.9 million cubic meters of water when its original volume was 885.
With data from 2018 that correspond to the latest bathymetry, the entity made decisions for the distribution and storage of the water resource, but with outdated information.
Last october, it was decided to keep the dam closed to farmers based on a preliminary result. despite being fully aware of the decrease in the reservoirs capacity due to the presence of sediments, the chira piura special project (pechp) did not carry out the necessary studies to allow the execution of mitigation actions during dry seasons.

Load-Date: December 6, 2024",N,Y,0.58082765,false_positive
,"The following information was released by the New Democratic Party of Canada:
Canada's largest National Park is under imminent threat from Liberal and Conservative government neglect, NDP MP Wayne Stetski said today following the release of a damning UNESCO report on the state of Wood Buffalo National Park.
""UNESCO rejected the study that green-lighted the Site C Dam on the Peace River,"" Stetski said. ""They state clearly that Wood Buffalo is in danger from the industrial development along the Peace and Athabasca corridors.""
Stetski, the MP for Kootenay-Columbia and the NDP National Parks Critic, said UNESCO wanted to find out how Wood Buffalo National Park is impacted by existing hydro and oil sands developments and how the Site C Dam might affect it.
""What UNESCO found is disturbing,"" Stetski said. ""The environmental study that approved the Site C Dam ignored potential impacts to a World Heritage Site. The local knowledge available from First Nations and Metis residents in the area has not been seriously considered. And the hydro and oil sands projects are affecting the significant Peace-Athabasca Delta and the million birds that inhabit it.""
At almost 45,000 km2, Wood Buffalo is larger in area than Switzerland. It was established in 1922 to protect the world's largest herd of wood bison and is a critical nesting site of endangered whooping cranes.
""The federal government must move immediately to adopt UNESCO's recommendations,"" Stetski said. ""These include a new science-based environmental assessment of Site C; an assessment of the impact of oil fields on fresh water resources in the region; improved year-round staffing at the park; and a genuine partnership with First Nations and Metis in the governance and management of the property.""
""Decades of inaction by Liberal and Conservative governments have put the park's World Heritage designation in danger,"" NDP Environment Critic Linda Duncan said. ""The finding from this investigation shows just how poor a job the Federal Government has done not only to protect the integrity of the World Heritage Site designation but also to respect the rights of local First Nations.""
""Wood Buffalo National Park is a national asset and a global treasure,"" Stetski said. ""We must save it before it's too late.""

Load-Date: March 11, 2017",N,Y,0.9522199,false_positive
